Centro;12;Lazio;56;Viterbo;1;56001;56001;56001;56001;A040;Acquapendente;0;3;420;0;T;131,61;5.655;http://www.comuneacquapendente.it;PIAZZA G. FABRIZIO 17                   ;1021;0763/73091       ;protocollo@comuneacquapendente.it                                                                   ;comuneacquapendente@legalmail.it
Centro;12;Lazio;56;Viterbo;2;56002;56002;56002;56002;A412;Arlena di Castro;0;3;260;0;NM;21,87;886;http://www.comune.arlenadicastro.vt.it/;PIAZZA S GIOVANNI 3                     ;1010;0761/430951      ;anagrafe@comune.arlenadicastro.vt.it;amministrazione@pec.comune.arlenadicastro.vt.it
Centro;12;Lazio;56;Viterbo;3;56003;56003;56003;56003;A577;Bagnoregio;0;3;484;0;NM;72,81;3.674;http://www.comune.bagnoregio.vt.it;PIAZZA S.AGOSTINO 21                    ;1022;0761/780815      ;affarigenerali@comunebagnoregio.it                                                                  ;comune.bagnoregio.vt@legalmail.it
Centro;12;Lazio;56;Viterbo;4;56004;56004;56004;56004;A628;Barbarano Romano;0;3;340;0;NM;37,56;1.085;http://www.comunebarbaranoromano.it/;PIAZZA G. MARCONI 21                    ;1010;0761/414601      ;sindaco@comunebarbaranoromano.it;comune.barbaranoromano@pec.it
Centro;12;Lazio;56;Viterbo;6;56006;56006;56006;56006;A706;Bassano in Teverina;0;3;304;0;NM;12,17;1.277;http://www.comune.bassanointeverina.vt.it/;VIA XXV APRILE 10                       ;1030;0761/407012;sindaco@comune.bassanointeverina.vt.it;uffici@pec.comune.bassanointeverina.vt.it
Centro;12;Lazio;56;Viterbo;5;56005;56005;56005;56005;A704;Bassano Romano;0;3;360;0;NM;37,55;4.834;http://www.comune.bassanoromano.vt.it/;PIAZZA  UMBERTO I° 6                    ;1030;0761/636901;sindaco@comune.bassanoromano.vt.it;bassanoromano@legalmail.it
Centro;12;Lazio;56;Viterbo;7;56007;56007;56007;56007;A857;Blera;0;3;270;0;NM;92,92;3.356;http://www.comuneblera.gov.it/ ;VIA ROMA, 8                             ;1010;0761/470093      ;sindaco@comuneblera.gov.it;uffici@pec.comuneblera.gov.it
Centro;12;Lazio;56;Viterbo;8;56008;56008;56008;56008;A949;Bolsena;0;3;350;0;NM;63,57;4.137;http://www.comunebolsena.it ;LARGO LA SALLE 3                        ;1023;0761/7951        ;segreteriasindaco@comunebolsena.it;postacertificata@pec.comune.bolsena.vt.it
Centro;12;Lazio;56;Viterbo;9;56009;56009;56009;56009;A955;Bomarzo;0;3;263;0;NM;39,65;1.814;http://www.comune.bomarzo.vt.it/;VIA BORGHESE, 10                        ;1020;0761/924021      ;ufficiotecnico@comunebomarzo.it;comunebomarzo@pec.it
Centro;12;Lazio;56;Viterbo;10;56010;56010;56010;56010;B388;Calcata;0;3;220;0;NM;7,63;905;http://www.comune.calcata.vt.it/ ;PIAZZA RISORGIMENTO  1                ;1030;0761/587021      ;sindaco@comunecalcata.it                                                                            ;protocollo@pec.comunecalcata.it
Centro;12;Lazio;56;Viterbo;11;56011;56011;56011;56011;B597;Canepina;0;3;501;0;T;20,85;3.149;http://www.comunedicanepina.it ;PIAZZA GARIBALDI 23                     ;1030;0761/750990      ;sindaco@comune.canepina.vt.it;comunedicanepina@legalmail.it
Centro;12;Lazio;56;Viterbo;12;56012;56012;56012;56012;B604;Canino;0;3;229;0;NM;124,04;5.270;http://www.comune.canino.vt.it;VIA ROMA N 1                            ;1011;0761/43391       ;urp@comune.canino.vt.it;comune.canino.vt@legalmail.it
Centro;12;Lazio;56;Viterbo;13;56013;56013;56013;56013;B663;Capodimonte;0;3;334;0;NM;61,29;1.741;http://www.comune.capodimonte.vt.it ;PIAZZA DELLA ROCCA 4                    ;1010;0761/870043      ;sindaco@comune.capodimonte.vt.it                                                                    ;comunecapodimonte@itpec.it
Centro;12;Lazio;56;Viterbo;14;56014;56014;56014;56014;B688;Capranica;0;3;370;0;NM;40,97;6.644;http://www.comune.capranica.vt.it ;CORSO F. PETRARCA, 40                   ;1012;0761/66791;segreteria@comune.capranica.vt.it;comunedicapranica@legalmail.it
Centro;12;Lazio;56;Viterbo;15;56015;56015;56015;56015;B691;Caprarola;0;3;520;0;P;57,58;5.345;http://www.comune.caprarola.vt.it ;VIA FILIPPO NICOLAI,2                   ;1032;0761/64901       ;sindaco@comune.caprarola.vt.it;comune.caprarola@anutel.it
Centro;12;Lazio;56;Viterbo;16;56016;56016;56016;56016;B735;Carbognano;0;3;394;0;NM;17,41;2.042;http://www.comune.carbognano.vt.it/ ;PIAZZA CASTELLO 18                      ;1030;0761/61401       ;segretario@comune.carbognano.vt.it;comune.carbognano@pec.it
Centro;12;Lazio;56;Viterbo;17;56017;56017;56017;56017;C269;Castel Sant'Elia;0;3;210;0;NM;23,92;2.558;http://www.comune.castelsantelia.vt.it/ ;VIA UMBERTO I, 41                        ;1030;0761/556425      ;segreteria@comunecastelsantelia.it                                                                  ;segreteria@pec.comunecastelsantelia.it
Centro;12;Lazio;56;Viterbo;18;56018;56018;56018;56018;C315;Castiglione in Teverina;0;3;228;0;NM;19,89;2.385;http://www.comune.castiglioneinteverina.vt.it ;PIAZZA MAGGIORE 2                       ;1024;0761/948301      ;info@teverina.it                                                                                    ;protocollo@pec.comune.castiglioneinteverina.vt.it
Centro;12;Lazio;56;Viterbo;19;56019;56019;56019;56019;C446;Celleno;0;3;407;0;NM;23,82;1.343;http://www.arpiacellenese.it;PIAZZA DELLA REPUBBLICA 8               ;1020;0761/912002      ;segreteria@celleno.it                                                                               ;comune.celleno@pec.it
Centro;12;Lazio;56;Viterbo;20;56020;56020;56020;56020;C447;Cellere;0;3;344;0;NM;37,2;1.230;http://www.comune.cellere.vt.it;VIA CAVOUR 90                           ;1010;0761/451791      ;sindaco@comune.cellere.vt.it;comunedicellere@postecert.it
Centro;12;Lazio;56;Viterbo;21;56021;56021;56021;56021;C765;Civita Castellana;0;3;145;0;NM;84,22;15.596;http://www.comune.civitacastellana.vt.it ;PIAZZA G. MATTEOTTI 3                   ;1033;0761/5901        ;sindaco.angelelli@comune.civitacastellana.vt.it;comune.civitacastellana@legalmail.it
Centro;12;Lazio;56;Viterbo;22;56022;56022;56022;56022;C780;Civitella d'Agliano;0;3;262;0;NM;32,96;1.658;http://www.comune.civitelladagliano.vt.it;P.ZZA CARDINALE DOLCI 16                ;1020;0761/914885      ;sindaco@comune.civitelladagliano.vt.it;comune.civitella.vt@legalmail.it
Centro;12;Lazio;56;Viterbo;23;56023;56023;56023;56023;C988;Corchiano;0;3;196;0;NM;33,03;3.740;http://www.comune.corchiano.vt.it ;PIAZZA DEL BERSAGLIERE 1                ;1030;0761/572002      ;segreteria@comune.corchiano.vt.it                                                                   ;comunedicorchiano@legalmail.it
Centro;12;Lazio;56;Viterbo;24;56024;56024;56024;56024;D452;Fabrica di Roma;0;3;296;0;NM;34,79;8.136;http://www.comune.fabricadiroma.vt.it ;Vicolo della Pace, 1;1034;0761/569001;cultura@comune.fabricadiroma.vt.it;comunedifabricadiroma@legalmail.it
Centro;12;Lazio;56;Viterbo;25;56025;56025;56025;56025;D475;Faleria;0;3;202;0;NM;25,68;2.115;http://www.comunedifaleria.it;PIAZZA G GARIBALDI 1                    ;1030;0761-5898;sindaco@comunedifaleria.it;protocollo@pec.comunedifaleria.it
Centro;12;Lazio;56;Viterbo;26;56026;56026;56026;56026;D503;Farnese;0;3;341;0;NM;52,38;1.631;http://www.comune.farnese.vt.it/ ;CORSO VITTORIO EMANUELE III ,395          ;1010;0761/458381      ;segreteria@comune.farnese.vt.it                                                                     ;comunedifarnese@legalmail.it
Centro;12;Lazio;56;Viterbo;27;56027;56027;56027;56027;D870;Gallese;0;3;135;0;NM;37,17;2.994;http://www.comune.gallese.vt.it ;PIAZZA DUOMO 1                          ;1035;0761/49791       ;sindaco@comune.gallese.vt.it;comunedigallese@legalmail.it
Centro;12;Lazio;56;Viterbo;28;56028;56028;56028;56028;E126;Gradoli;0;3;470;0;T;43,81;1.474;http://www.comune.gradoli.vt.it/ ;PIAZZA LUIGI  PALOMBINI, 2                    ;1010;0761/456082      ;segretariocomunale@comune.gradoli.vt.it;comunedigradoli@legalmail.it
Centro;12;Lazio;56;Viterbo;29;56029;56029;56029;56029;E128;Graffignano;0;3;187;0;NM;29,1;2.319;http://www.comune.graffignano.vt.it/ ;PIAZZA DEL COMUNE,7        ;1020;0761/901001      ;sindaco@comune.graffignano.vt.it;comunedigraffignano@pec.it
Centro;12;Lazio;56;Viterbo;30;56030;56030;56030;56030;E210;Grotte di Castro;0;3;467;0;T;33,42;2.795;http://www.comune.grottedicastro.vt.it ;Piazza G.Marconi, 6;1025;0763/798002      ;mspadaccia@comune.grottedicastro.vt.it;comunegrottedicastro@legalmail.it
Centro;12;Lazio;56;Viterbo;31;56031;56031;56031;56031;E330;Ischia di Castro;0;3;384;0;NM;104,95;2.377;http://www.comune.ischiadicastro.vt.it ;VIA SAN ROCCO 2                         ;1010;0761/425455      ;segreteria@comune.ischiadicastro.vt.it                                                              ;protocollo@pec.comune.ischiadicastro.vt.it
Centro;12;Lazio;56;Viterbo;32;56032;56032;56032;56032;E467;Latera;0;3;508;0;T;22,43;933;http://www.comune.latera.vt.it ;VIA GUGLIELMO MARCONI 3                 ;1010;0761/459041      ;zapponi@comune.latera.vt.it                                                                         ;comune.latera.vt@legalmail.it
Centro;12;Lazio;56;Viterbo;33;56033;56033;56033;56033;E713;Lubriano;0;3;441;0;NM;16,69;919;http://www.comune.lubriano.vt.it ;VIALE I° MAGGIO 6                       ;1020;0761/780459      ;sindaco@comune.lubriano.vt.it;comunelubriano@legalmail.it
Centro;12;Lazio;56;Viterbo;34;56034;56034;56034;56034;E978;Marta;0;3;315;0;NM;33,54;3.520;http://www.comune.marta.vt.it ;PIAZZA UMBERTO I,  10                    ;1010;0761/87381       ;segreteria@comune.marta.vt.it;comunemartavt@pec.it
Centro;12;Lazio;56;Viterbo;35;56035;56035;56035;56035;F419;Montalto di Castro;0;5;42;1;NM;189,63;8.770;http://www.comune.montaltodicastro.vt.it;PIAZZA G. MATTEOTTI, 11                 ;1014;0766/87011  ;segreteria.sindaco@comune.montaltodicastro.vt.it                                                    ;comune.montaltodicastro.vt@legalmail.it
Centro;12;Lazio;56;Viterbo;37;56037;56037;56037;56037;F603;Monte Romano;0;3;230;0;NM;86,14;2.007;http://www.comune.monteromano.vt.it/;PIAZZA PLEBISCITO, 2                     ;1010;0766/860021      ;erina.fiorucci@comune.monteromano.vt.it;segreteriagenerale@pec.comune.monteromano.vt.it
Centro;12;Lazio;56;Viterbo;36;56036;56036;56036;56036;F499;Montefiascone;0;3;590;0;NM;104,93;13.388;http://www.comune.montefiascone.vt.it;LARGO  PLEBISCITO, 1                  ;1027;0761/83201       ;info@comune.montefiascone.vt.it;protocollo@pec.comune.montefiascone.vt.it
Centro;12;Lazio;56;Viterbo;38;56038;56038;56038;56038;F606;Monterosi;0;3;276;0;NM;10,68;3.868;http://www.comune.monterosi.vt.it/ ;Via Urbano del Drago, 37;1030;0761/699444      ;sindaco@comune.monterosi.vt.it                                                                      ;comunemonterosi@postecert.it
Centro;12;Lazio;56;Viterbo;39;56039;56039;56039;56039;F868;Nepi;0;3;227;0;NM;83,71;9.353;http://www.comune.nepi.vt.it ;PIAZZA DEL COMUNE, 20                   ;1036;0761- 55811;segreteria@comune.nepi.vt.it                                                                        ;comune.nepi.vt@legalmailpa.it
Centro;12;Lazio;56;Viterbo;40;56040;56040;56040;56040;G065;Onano;0;3;510;0;T;24,51;1.017;http://www.comune.onano.vt.it/ ;Piazza Monaldeschi della Cervara, 1;1010;0763/78021       ;segretario@comune.onano.vt.it;comuneonano@postecert.it
Centro;12;Lazio;56;Viterbo;41;56041;56041;56041;56041;G111;Oriolo Romano;0;3;420;0;NM;19,31;3.648;http://www.comuneorioloromano.vt.it ;VIA VITTORIO EMANUELE III, 3            ;1010;06  /99837144    ;sindaco@comuneorioloromano.vt.it;comuneorioloromano@postemailcertificata.pec.it
Centro;12;Lazio;56;Viterbo;42;56042;56042;56042;56042;G135;Orte;0;3;132;0;NM;69,56;8.665;http://www.comune.orte.vt.it ;PIAZZA PLEBISCITO 1                     ;1028;0;segretariocomunale@comune.orte.vt.it;comuneorte@pec.it
Centro;12;Lazio;56;Viterbo;43;56043;56043;56043;56043;G571;Piansano;0;3;409;0;NM;26,61;2.147;http://www.comune.piansano.vt.it/ ;PIAZZA INDIPENDENZA 17                  ;1010;0761/450832      ;comune@piansano.org                                                                                 ;comunepiansano@legalmail.it
Centro;12;Lazio;56;Viterbo;44;56044;56044;56044;56044;H071;Proceno;0;3;418;0;T;42,02;605;http://www.comunediproceno.vt.it/ ;PIAZZA DELLA LIBERTA´ 12                ;1020;0763/710092      ;info@comunediproceno.vt.it                                                                          ;postacertificata@pec.comunediproceno.vt.it
Centro;12;Lazio;56;Viterbo;45;56045;56045;56045;56045;H534;Ronciglione;0;3;441;0;P;52,53;8.308;http://www.comune.ronciglione.vt.it/ ;PIAZZA PRINCIPE DI NAPOLI, 1             ;1037;0761/62901       ;segretario@comune.ronciglione.vt.it;comuneronciglione@legalmail.it
Centro;12;Lazio;56;Viterbo;47;56047;56047;56047;56047;H969;San Lorenzo Nuovo;0;3;503;0;NM;26,74;2.166;http://www.comunesanlorenzonuovo.it/ ;PIAZZA EUROPA 31                        ;1020;0763/72681       ;anagrafe@comunesanlorenzonuovo.it;comunesanlorenzonuovo@pec.it
Centro;12;Lazio;56;Viterbo;48;56048;56048;56048;56048;I855;Soriano nel Cimino;0;3;480;0;P;78,54;8.544;http://www.comune.sorianonelcimino.vt.it/ ;VIA DELLA ROCCA  11                     ;1038;0761/742235      ;segreteria@comune.sorianonelcimino.vt.it                                                            ;puntocomune.soriano@pec.it
Centro;12;Lazio;56;Viterbo;49;56049;56049;56049;56049;L017;Sutri;0;3;291;0;NM;60,94;6.552;http://www.comune.sutri.vt.it ;PIAZZA DEL COMUNE 32                    ;1015;0761/6011        ;sindaco@comune.sutri.vt.it                                                                          ;comunesutri@postecert.it
Centro;12;Lazio;56;Viterbo;50;56050;56050;56050;56050;D024;Tarquinia;0;5;133;1;NM;279,34;16.016;http://www.comune.tarquinia.vt.it ;PIAZZA G. MATTEOTTI, 6                    ;1016;0766/8491        ;segreteria.sindaco@tarquinia.net                                                                    ;pec@pec.comune.tarquinia.vt.it
Centro;12;Lazio;56;Viterbo;51;56051;56051;56051;56051;L150;Tessennano;0;3;302;0;NM;14,73;350;http://www.comune.tessennano.vt.it/;VIA CAVOUR,  61                         ;1010;0761/431001      ;segretario@comune.tessennano.vt.it;comune.tessennano@pec.it
Centro;12;Lazio;56;Viterbo;52;56052;56052;56052;56052;L310;Tuscania;0;3;165;0;NM;208,69;8.145;http://www.comune.tuscania.vt.it;PIAZZA F. BASILE 4                  ;1017;0761/44541       ;sindaco@comune.tuscania.vt.it;protocollo@pec.comune.tuscania.vt.it
Centro;12;Lazio;56;Viterbo;53;56053;56053;56053;56053;L569;Valentano;0;3;538;0;T;43,5;2.895;http://www.comune.valentano.vt.it/ ;PIAZZA CAVOUR, 1                        ;1018;0761/453001      ;sindaco@comune.valentano.vt.it;comune.valentano.vt@legalmail.it
Centro;12;Lazio;56;Viterbo;54;56054;56054;56054;56054;L612;Vallerano;0;3;390;0;P;15,45;2.613;http://www.comune.vallerano.vt.it ;Piazza A. Xerry De Caro, n. 13 ;1030;0761/751001      ;sindaco@vallerano.net;pec@pec.vallerano.net
Centro;12;Lazio;56;Viterbo;55;56055;56055;56055;56055;A701;Vasanello;0;3;265;0;NM;28,96;4.161;http://www.comune.vasanello.vt.it ;VIA ROMA 30                             ;1030;0761/40891       ;segretario@comune.vasanello.vt.it;comune.vasanello.vt@pec.it
Centro;12;Lazio;56;Viterbo;56;56056;56056;56056;56056;L713;Vejano;0;3;390;0;NM;44,31;2.298;http://www.comune.vejano.vt.it ;PIAZZA XX SETTEMBRE 12                  ;1010;0761/463051      ;ragioneria@comune.vejano.vt.it;comunevejano@legalmail.it
Centro;12;Lazio;56;Viterbo;57;56057;56057;56057;56057;L814;Vetralla;0;3;300;0;P;113,77;13.507;http://www.comune.vetralla.vt.it ;PIAZZA UMBERTO I,N. 1                      ;1019;0761/46691       ; sindaco@comune.vetralla.vt.gov.it;comune.vetralla@legalmail.it
Centro;12;Lazio;56;Viterbo;58;56058;56058;56058;56058;L882;Vignanello;0;3;369;0;NM;20,53;4.826;http://www.comune.vignanello.vt.it;CORSO G. MATTEOTTI 12                      ;1039;0761/7563200;sindaco@comunevignanello.eu;protocollo@pec.comunevignanello.eu
Centro;12;Lazio;56;Viterbo;46;56046;56046;56046;56046;H913;Villa San Giovanni in Tuscia;0;3;329;0;NM;5,28;1.313;http://www.comunevsgtuscia.it/ ;Piazza del Comune, 1;1010;0761/476476;sindaco@comunevsgtuscia.it;comune.villasangiovanniintuscia@legalmail.it
Centro;12;Lazio;56;Viterbo;59;56059;56059;56059;56059;M082;Viterbo;1;3;326;0;P;406,23;63.209;http://www.comune.viterbo.it ;VIA FILIPPO ASCENZI 1                   ;1100;0761/3481        ;sindaco@comune.viterbo.it;protocollo@pec.comuneviterbo.it
Centro;12;Lazio;56;Viterbo;60;56060;56060;56060;56060;M086;Vitorchiano;0;3;285;0;P;30,14;4.956;http://www.comune.vitorchiano.vt.it/;PIAZZA S. AGNESE 16                     ;1030;0761/3737   ;sindaco@comune.vitorchiano.vt.it;comune.vitorchiano.vt@legalmail.it
Centro;12;Lazio;57;Rieti;1;57001;57001;57001;57001;A019;Accumoli;0;1;855;0;T;87,37;653;http://www.comune.accumoli.ri.it/;VIA S. TOMMASI 44                       ;2011;0746/80793       ;;comune.accumoli@pec.it
Centro;12;Lazio;57;Rieti;2;57002;57002;57002;57002;A258;Amatrice;0;1;955;0;T;174,4;2.646;http://www.comune.amatrice.rieti.it/ ;CORSO UMBERTO I, 70                      ;2012;0746/83081       ;segretariocomunale@comune.amatrice.rieti.it;protocollo@pec.comune.amatrice.rieti.it
Centro;12;Lazio;57;Rieti;3;57003;57003;57003;57003;A315;Antrodoco;0;1;525;0;T;63,9;2.704;http://www.comunediantrodoco.it ;CORSO ROMA,15;2013;0746/578185      ;sindaco@comunediantrodoco.it;comunediantrodoco@legalmail.it
Centro;12;Lazio;57;Rieti;4;57004;57004;57004;57004;A464;Ascrea;0;1;757;0;T;13,98;266;http://www.comune.ascrea.ri.it/ ;PIAZZA MARERI N.1                       ;2020;0765/723112      ;;comune.ascrea.ri@legalmail.it
Centro;12;Lazio;57;Rieti;5;57005;57005;57005;57005;A765;Belmonte in Sabina;0;1;756;0;T;23,65;649;http://www.comune.belmonteinsabina.ri.it/;PIAZZA ROMA 27                          ;2020;0765/77000       ;sindaco@comune.belmonteinsabina.ri.it;comune.belmonteinsabina.ri@pec.it
Centro;12;Lazio;57;Rieti;6;57006;57006;57006;57006;A981;Borbona;0;1;760;0;T;47,96;650;http://www.comune.borbona.rieti.it ;Via Vallecine n. 2 ;2010;0746/940037      ;borbona@comune.borbona.rieti.it;tributi.borbona@anutel.it
Centro;12;Lazio;57;Rieti;7;57007;57007;57007;57007;B008;Borgorose;0;1;732;0;T;145,82;4.615;http://www.comuneborgorose.ri.it ;Via Roma, 6,;2021;0746-314801;sindaco@comuneborgorose.ri.it;comuneborgorose@pec.it
Centro;12;Lazio;57;Rieti;8;57008;57008;57008;57008;A996;Borgo Velino;0;1;460;0;T;18,29;990;http://www.comune.borgovelino.ri.it/ ;PIAZZA UMBERTO I N.33                   ;2020;0746/578896      ;;comune.borgovelino.ri@pec.it
Centro;12;Lazio;57;Rieti;9;57009;57009;57009;57009;B627;Cantalice;0;1;660;0;T;37,62;2.726;http://www.comune.cantalice.ri.it/;PIAZZA DELLA  REPUBBLICA 1                     ;2014;0746/653119      ;sindaco@comune.cantalice.ri.it;segreteria.cantalice.ri@legalmail.it
Centro;12;Lazio;57;Rieti;10;57010;57010;57010;57010;B631;Cantalupo in Sabina;0;3;297;0;NM;10,62;1.736;http://www.comune.cantalupoinsabina.ri.it ;VIALE  G. VERDI 6                          ;2040;0765/514031      ;sindaco@comune.cantalupoinsabina.ri.it;comune.cantalupoinsabina@anutel.it
Centro;12;Lazio;57;Rieti;11;57011;57011;57011;57011;B934;Casaprota;0;3;523;0;T;14,55;723;http://www.comune.casaprota.ri.it/ ;Piazza del Municipio 1;2030;0765/85005       ;uff.protocollo@comune.casaprota.ri.it;comunecasaprota@pec.it
Centro;12;Lazio;57;Rieti;12;57012;57012;57012;57012;A472;Casperia;0;3;397;0;T;25,31;1.231;http://www.comunedicasperia.it ;Piazza del Municipio, 13;2041;0765/63026       ;;comune.casperia.ri@legalmail.it
Centro;12;Lazio;57;Rieti;13;57013;57013;57013;57013;C098;Castel di Tora;0;1;607;0;T;15,49;299;http://www.comune.castelditora.ri.it/;Via Don Sabino Gentili, 11;2020;0765/716313      ;info@comune.castelditora.ri.it                                                                      ;anagrafe.comunecastelditora@pec.it
Centro;12;Lazio;57;Rieti;14;57014;57014;57014;57014;C224;Castelnuovo di Farfa;0;3;358;0;NM;8,84;1.047;http://www.comune.castelnuovodifarfa.ri.it/;VIA PERELLI 7                           ;2031;0765/36131       ;;comune.castelnuovodifarfa@pcert.it
Centro;12;Lazio;57;Rieti;15;57015;57015;57015;57015;C268;Castel Sant'Angelo;0;1;581;0;T;31,27;1.289;http://www.comune.castelsantangelo.ri.it/;Via Nazionale n°70;2010;0746/698629      ;sindaco@comune.castelsantangelo.ri.it;comune.castelsantangelo.ri@legalmail.it
Centro;12;Lazio;57;Rieti;16;57016;57016;57016;57016;C746;Cittaducale;0;1;481;0;T;71,25;6.900;http://www.comune.cittaducale.ri.it ;CORSO MAZZINI 111                       ;2015;0746/60801       ;r.sulpizi@comune.cittaducale.ri.it;comunecittaducale@viapec.net
Centro;12;Lazio;57;Rieti;17;57017;57017;57017;57017;C749;Cittareale;0;1;962;0;T;59,67;470;http://www.comune.cittareale.ri.gov.it ;PIAZZA S. MARIA 2                       ;2010;0746/947032      ;sindaco@cittareale.it;comunecittaducale@viapec.net
Centro;12;Lazio;57;Rieti;18;57018;57018;57018;57018;C841;Collalto Sabino;0;1;980;0;T;22,37;440;http://www.comunecollaltosabino.rieti.it/;PIAZZA  GUGLIELMO MARCONI, 1                ;2022;0765/98025       ;raffaele.franzese@collaltosabino.net;comunedicollalto@pec.it
Centro;12;Lazio;57;Rieti;19;57019;57019;57019;57019;C857;Colle di Tora;0;1;542;0;T;14,37;384;http://www.comune.colleditora.ri.it ;VIA COLLE DELLA MADONNA,7          ;2020;0765/716139      ;sindaco@comune.colleditora.ri.it;comunecolleditora@arubapec.it
Centro;12;Lazio;57;Rieti;20;57020;57020;57020;57020;C859;Collegiove;0;1;1.001;0;T;10,61;169;http://www.comunecollegiove.it ;VIA ROMA 25                             ;2020;0765/99049       ;segreteria@comunecollegiove.it;comunedicollegiove.ri.protocollo@pa.postacertificata.gov.it
Centro;12;Lazio;57;Rieti;21;57021;57021;57021;57021;C876;Collevecchio;0;3;245;0;NM;26,95;1.595;http://www.comune.collevecchio.ri.it;VIA A. SEGONI 24                        ;2042;0765/578018      ;sindaco@comune.collevecchio.ri.it;info@pec.comune.collevecchio.ri.it
Centro;12;Lazio;57;Rieti;22;57022;57022;57022;57022;C880;Colli sul Velino;0;1;465;0;T;12,76;524;http://www.collisulvelino.gov.it/;VIA CESARE BATTISTI,32                  ;2010;0746/636101      ;;sindaco@pec.collisulvelino.org
Centro;12;Lazio;57;Rieti;23;57023;57023;57023;57023;C946;Concerviano;0;1;560;0;T;21,39;311;http://www.comune.concerviano.ri.it;PIAZZA SAN NICOLA, 16                   ;2020;0765/714020      ;;comune.concerviano@registerpec.it
Centro;12;Lazio;57;Rieti;24;57024;57024;57024;57024;C959;Configni;0;3;549;0;T;22,93;672;http://www.comune.configni.ri.it/ ;PIAZZA VITTORIO EMANUELE II,n.1               ;2040;0746/672208      ;servizidemografici@comune.configni.ri.it;anagrafe.configni@legalmail.it
Centro;12;Lazio;57;Rieti;25;57025;57025;57025;57025;C969;Contigliano;0;1;488;0;T;53,55;3.601;http://www.comune.contigliano.ri.it ;Via del Municipio 3;2043;0746/ 707362;info@comune.contigliano.ri.it                                                                       ;sedebassa@legalmail.it
Centro;12;Lazio;57;Rieti;26;57026;57026;57026;57026;D124;Cottanello;0;1;551;0;T;36,7;562;http://www.comunecottanello.it;VIA UMBERTO I,n. 5                         ;2040;0746/66122       ;;suap.cottanello.ri@legalmail.it
Centro;12;Lazio;57;Rieti;27;57027;57027;57027;57027;D493;Fara in Sabina;0;3;482;0;NM;54,96;12.326;http://www.farainsabina.gov.it ;VIA SANTA MARIA IN CASTELLO, 12         ;2032;0765/27791       ;segreteria@farainsabina.gov.it;ufficioprotocollo@comunefarainsabina.pecpa.it
Centro;12;Lazio;57;Rieti;28;57028;57028;57028;57028;D560;Fiamignano;0;1;988;0;T;100,62;1.455;http://www.comune.fiamignano.ri.it ;Piazza Gabriele D'Annunzio 2;2023;0746/53016       ;info@comune.fiamignano.ri.it                                                                        ;comunedifiamignano@pec.it
Centro;12;Lazio;57;Rieti;29;57029;57029;57029;57029;D689;Forano;0;3;218;0;NM;17,69;2.933;http://www.comune.forano.ri.it ;VIA DEL PASSEGGIO, 2                     ;2044;0765/570020      ;servizisociali@comune.forano.ri.it;posta@pec.comune.forano.ri.it
Centro;12;Lazio;57;Rieti;30;57030;57030;57030;57030;D785;Frasso Sabino;0;3;412;0;NM;4,39;688;http://www.comune.frassosabino.ri.it/ ;VIA XX SETTEMBRE, 11                    ;2030;0765/872004      ;sindaco@comune.frassosabino.ri.it;protocollo@pec.comune.frassosabino.ri.it
Centro;12;Lazio;57;Rieti;31;57031;57031;57031;57031;E160;Greccio;0;1;388;0;T;17,86;1.520;http://www.comune.greccio.ri.it/ ;VIA LIMITI NORD, 17                      ;2040;0746/750591      ;info@comune.greccio.ri.it;segreteria.greccio.ri@legalmail.it
Centro;12;Lazio;57;Rieti;32;57032;57032;57032;57032;E393;Labro;0;1;628;0;T;11,75;344;http://www.labro.gov.it/ ;VIA GARIBALDI 11                        ;2010;0746/636134      ;;comune@pec.labro.gov.it
Centro;12;Lazio;57;Rieti;33;57033;57033;57033;57033;E535;Leonessa;0;1;969;0;T;204,04;2.480;http://www.comunedileonessa.it/ ;PIAZZA VII APRILE, 28                     ;2016;0746/923212      ;sindaco@comunedileonessa.it                                                                         ;comune.leonessa@pec.it
Centro;12;Lazio;57;Rieti;34;57034;57034;57034;57034;E681;Longone Sabino;0;1;804;0;T;34,33;583;http://www.comune.longonesabino.ri.it/ ;Loc. Osteria Mattioni VIA ROMA 28;2020;0765/718901      ;;comunelongonesabino@pec.it
Centro;12;Lazio;57;Rieti;35;57035;57035;57035;57035;E812;Magliano Sabina;0;3;222;0;NM;43,23;3.799;http://www.comune.maglianosabina.ri.it/ ;PIAZZA GARIBALDI, 4                  ;2046;0744/910336      ;sindaco@comune.maglianosabina.ri.it;info@pec.comune.maglianosabina.ri.it
Centro;12;Lazio;57;Rieti;36;57036;57036;57036;57036;E927;Marcetelli;0;1;930;0;T;11,08;97;http://www.marcetelli.gov.it/ ;VIA MUNICIPIO, 18/20                       ;2020;0765/798072      ;;comunemarcetelli.ri.segreteria@pa.postacertificata.gov.it
Centro;12;Lazio;57;Rieti;37;57037;57037;57037;57037;F193;Micigliano;0;1;925;0;T;36,85;131;http://www.comune.micigliano.rieti.it/ ;VIA S. BIAGIO 1                         ;2010;0746/577893      ;;comune.micigliano.ri@legalmail.it
Centro;12;Lazio;57;Rieti;38;57038;57038;57038;57038;F319;Mompeo;0;3;457;0;T;10,89;534;http://www.comune.mompeo.ri.it/ ;Piazza REGILLO,n.3                    ;2040;0765/469028      ;ragioneria@comune.mompeo.ri.it;comunemompeo@pec.it
Centro;12;Lazio;57;Rieti;39;57039;57039;57039;57039;F430;Montasola;0;3;604;0;T;12,75;403;http://www.comune.montasola.ri.it/ ;PIAZZA S PIETRO 1                       ;2040;0746/675177      ;segreteria@comune.montasola.ri.it;segreteria.montasola.ri@legalmail.it
Centro;12;Lazio;57;Rieti;40;57040;57040;57040;57040;F446;Montebuono;0;3;325;0;T;19,73;917;http://www.comune.montebuono.ri.it;VIA DEL MUNICIPIO, 1                       ;2040;0765/607631      ;assessore.antonelli@comune.montebuono.ri.it;info@pec.comune.montebuono.ri.it
Centro;12;Lazio;57;Rieti;41;57041;57041;57041;57041;F541;Monteleone Sabino;0;3;496;0;T;19,04;1.232;http://www.comune.monteleonesabino.ri.it/ ;VIA LUCIO MUMMIO 11                     ;2033;0765/884014      ;anagrafe@comune.monteleonesabino.ri.it;amministrativo@pec.comune.monteleonesabino.ri.it
Centro;12;Lazio;57;Rieti;42;57042;57042;57042;57042;F579;Montenero Sabino;0;1;450;0;T;22,59;295;http://www.comune.montenerosabino.ri.it/;PIAZZA DEL MUNICIPIO 2                  ;2040;0765/324012      ;info@comune.montenerosabino.ri.it;info@pec.comune.montenerosabino.ri.it
Centro;12;Lazio;57;Rieti;43;57043;57043;57043;57043;F619;Monte San Giovanni in Sabina;0;1;728;0;T;30,76;752;http://www.comune.montesangiovanniinsabina.ri.it;VIALE REGINA MARGHERITA, 2              ;2040;0765/333312      ;;amministrazione.comunemontesangiovanniinsabina@pec.it
Centro;12;Lazio;57;Rieti;44;57044;57044;57044;57044;F687;Montopoli di Sabina;0;3;331;0;NM;37,94;4.222;http://www.montopoli.org/;Piazza Comunale, 1;2034;0765/27611;sindaco@montopoli.org;uffprotocollo@comunemontopolidisabina.pecpa.it
Centro;12;Lazio;57;Rieti;45;57045;57045;57045;57045;F746;Morro Reatino;0;1;745;0;T;15,74;356;http://www.comune.morroreatino.ri.it/ ;VIA ROMA, 19;2010;0746/638031      ;comune@comune.morroreatino.ri.it;comune@pec.comune.morroreatino.ri.it
Centro;12;Lazio;57;Rieti;46;57046;57046;57046;57046;F876;Nespolo;0;1;886;0;T;8,65;274;http://www.comunedinespolo.it ;VIA ROMA 156                            ;2020;0765/98026       ;segreteria@comunedinespolo.it;comunedinespolo@pec.it
Centro;12;Lazio;57;Rieti;47;57047;57047;57047;57047;B595;Orvinio;0;1;840;0;T;24,69;448;http://www.comune.orvinio.ri.it/ ;Via Nuova n° 10;2035;0765/92007       ;sindaco@comune.orvinio.ri.it;segreteria.orvinio.ri@legalmail.it
Centro;12;Lazio;57;Rieti;48;57048;57048;57048;57048;G232;Paganico Sabino;0;1;720;0;T;9,31;172;http://www.comune.paganicosabino.ri.it ;V. S. GIORGIO 1                         ;2020;0765/723032      ;;comunedipaganicosabino.ri.comunicazione@pa.postacertificata.gov.it
Centro;12;Lazio;57;Rieti;49;57049;57049;57049;57049;G498;Pescorocchiano;0;1;806;0;T;94,78;2.211;http://www.comune.pescorocchiano.rieti.it ;VIA MONTE CARPARO 1                     ;2024;0746/338270      ;segreteria@comunepescorocchiano.rieti.it;areatecnica@pec.comune.pescorocchiano.rieti.it
Centro;12;Lazio;57;Rieti;50;57050;57050;57050;57050;G513;Petrella Salto;0;1;786;0;T;102,93;1.212;http://www.comune.petrellasalto.ri.it ;Via Giuseppe Maoli, 19;2025;0746/521021      ;sindaco@comune.petrellasalto.ri.it;info@pec.comune.petrellasalto.ri.it
Centro;12;Lazio;57;Rieti;51;57051;57051;57051;57051;G756;Poggio Bustone;0;1;756;0;T;22,38;2.130;http://www.comune.poggiobustone.ri.it ;v. Francescana 9;2018;0746/688913;anagrafe@comune.poggiobustone.ri.it;comune.poggiobustone@legalmail.it
Centro;12;Lazio;57;Rieti;52;57052;57052;57052;57052;G757;Poggio Catino;0;3;387;0;T;14,98;1.335;http://www.comune.poggiocatino.ri.it/;Piazza Capizucchi,1;2040;0765/411021      ;segreteria@comune.poggiocatino.ri.it;amministrativo.poggiocatino@pec.it
Centro;12;Lazio;57;Rieti;53;57053;57053;57053;57053;G763;Poggio Mirteto;0;3;246;0;T;26,4;5.995;http://www.comune.poggiomirteto.ri.it/ ;P.ZZA MARTIRI DELLA LIBERTA', 40        ;2047;0765/405210;segreteria@comune.poggiomirteto.ri.it;posta@pec.comune.poggiomirteto.ri.it
Centro;12;Lazio;57;Rieti;54;57054;57054;57054;57054;G764;Poggio Moiano;0;3;520;0;T;26,95;2.798;http://www.comunepoggiomoiano.eu/ ;PIAZZA Vittorio Emanuele, 2                    ;2037;0765/876023      ;;comunepoggiomoiano@pec.aruba.it
Centro;12;Lazio;57;Rieti;55;57055;57055;57055;57055;G765;Poggio Nativo;0;3;415;0;NM;16,5;2.456;http://www.comune.poggionativo.ri.it/ ;VIA ROMA 15                             ;2030;0765/872025      ;demografici@comune.poggionativo.ri.it;comune@pec.comune.poggionativo.ri.it
Centro;12;Lazio;57;Rieti;56;57056;57056;57056;57056;G770;Poggio San Lorenzo;0;3;494;0;NM;8,67;580;http://www.comune.poggiosanlorenzo.ri.it/ ;Via Quinzia, 76;2030;0765/880312      ;sindaco@comune.poggiosanlorenzo.ri.it;demografico@pec.comune.poggiosanlorenzo.ri.it
Centro;12;Lazio;57;Rieti;57;57057;57057;57057;57057;G934;Posta;0;1;721;0;T;66,01;686;http://www.comunediposta.it ;PIAZZA DEGLI EROI 18                    ;2019;0746/951313      ;;segreteria.posta.ri@legalmail.it
Centro;12;Lazio;57;Rieti;58;57058;57058;57058;57058;G951;Pozzaglia Sabina;0;1;878;0;T;24,98;361;http://www.comune.pozzagliasabina.ri.it/;VIALE DEI CADUTI, 1                     ;2030;0765/934016      ;;segreteria.pozzagliasabina.ri@legalmail.it
Centro;12;Lazio;57;Rieti;59;57059;57059;57059;57059;H282;Rieti;1;1;405;0;T;206,46;46.187;http://www.comune.rieti.it/ ;PIAZZA V. EMANUELE II, 1                ;2100;0746/2871        ;sindaco@comune.rieti.it;info@pec.comune.rieti.it
Centro;12;Lazio;57;Rieti;60;57060;57060;57060;57060;H354;Rivodutri;0;1;560;0;T;26,79;1.297;http://www.rivodutri.org/;PIAZZA MUNICIPIO                    ;2010;0746/685612      ;;comune.rivodutri@legalmail.it
Centro;12;Lazio;57;Rieti;61;57061;57061;57061;57061;H427;Roccantica;0;3;457;0;T;16,72;605;http://www.comunediroccantica.it;VIA DEI NOBILI, 3                       ;2040;0765/63020       ;sindaco@comunediroccantica.it;comunediroccantica@pec.it
Centro;12;Lazio;57;Rieti;62;57062;57062;57062;57062;H446;Rocca Sinibalda;0;1;552;0;T;49,56;853;http://www.comune.roccasinibalda.ri.it/;PIAZZA DELLA VITTORIA 15                ;2026;0765/708001      ;;segreteria.roccasinibalda.ri@legalmail.it
Centro;12;Lazio;57;Rieti;63;57063;57063;57063;57063;H713;Salisano;0;3;460;0;T;17,6;558;http://www.comune.salisano.ri.it ;Piazza Vittorio Emanuele III° n.7;2040;0765/465029      ;info@comune.salisano.ri.it;comune.salisano@pec.it
Centro;12;Lazio;57;Rieti;64;57064;57064;57064;57064;I499;Scandriglia;0;1;535;0;P;63,35;2.934;http://www.comune.scandriglia.ri.it/ ;VIA UMBERTO I,n. 33                        ;2038;0765/878037      ;segretario@comune.scandriglia.ri.it;protocollo@pec.comune.scandriglia.ri.it
Centro;12;Lazio;57;Rieti;65;57065;57065;57065;57065;I581;Selci;0;3;204;0;NM;7,73;1.106;http://www.comunediselci.it/ ;PIAZZA DEL POPOLO 1                     ;2040;0765/519138      ;sindaco@comunediselci.it;comune.selci.ri@legalmail.it
Centro;12;Lazio;57;Rieti;66;57066;57066;57066;57066;I959;Stimigliano;0;3;207;0;NM;11,38;2.241;http://www.comune.stimigliano.ri.it ;Piazza Roma, 6;2048;0765/576038      ;sindaco@comune.stimigliano.ri.it;com.stim@pec.it
Centro;12;Lazio;57;Rieti;67;57067;57067;57067;57067;L046;Tarano;0;3;234;0;NM;19,98;1.431;http://www.comune.tarano.ri.it ;Via Regina Margherita, 5;2040;0765/607331      ;pierina.marcellini@comune.tarano.ri.it;comunetarano@pec.it
Centro;12;Lazio;57;Rieti;68;57068;57068;57068;57068;L189;Toffia;0;3;262;0;NM;11,33;1.002;http://www.comune.toffia.ri.it ;Via Porta Maggiore 9,;2039;0765/326032      ;;comunicazione@pec.comune.toffia.ri.it
Centro;12;Lazio;57;Rieti;69;57069;57069;57069;57069;L293;Torricella in Sabina;0;3;604;0;T;25,79;1.405;http://www.comune.torricellainsabina.ri.it/;VIA ROMA,7                         ;2030;0765/735021      ;sindaco@comune.torricellainsabina.ri.it;torricella@pec.comune.torricellainsabina.ri.it
Centro;12;Lazio;57;Rieti;70;57070;57070;57070;57070;L286;Torri in Sabina;0;3;275;0;T;26,31;1.249;http://www.comune.torriinsabina.ri.it;Piazza Roma, 6;2049;0765/62004       ;sindaco@comune.torriinsabina.ri.it;segreteria.torriinsabina.ri@legalmail.it
Centro;12;Lazio;57;Rieti;71;57071;57071;57071;57071;G507;Turania;0;1;703;0;T;8,51;245;http://www.comune.turania.ri.it;VIA PORTA ROMANA 29                   ;2020;0765-935021;;comunturania@pec.it
Centro;12;Lazio;57;Rieti;72;57072;57072;57072;57072;L525;Vacone;0;3;517;0;T;9,19;264;http://www.comune.vacone.ri.it/ ;VIA  PAGO, 23                         ;2040;0746/676833      ;servizidemografici@comune.vacone.ri.it;segreteria.vacone.ri@legalmail.it
Centro;12;Lazio;57;Rieti;73;57073;57073;57073;57073;L676;Varco Sabino;0;1;742;0;T;24,75;210;http://www.comune.varcosabino.ri.it/;VIA ROMA 33                             ;2020;0765/790025      ;info@comune.varcosabino.ri.it;segreteria.varcosabino.ri@legalmail.it
Centro;12;Lazio;58;Roma;1;58001;58001;58001;58001;A062;Affile;0;1;684;0;T;15,11;1.552;http://www.affile.org;Via Monte Duomo, 1;21;0774/804400      ;comune@affile.org;anagrafe-protocollo.affile@pec.it
Centro;12;Lazio;58;Roma;2;58002;58002;58002;58002;A084;Agosta;0;1;382;0;P;9,5;1.760;http://www.comunediagosta.it ;VIA S. MARTINO 4                        ;20;0774/800024      ;info@comunediagosta.it                                                                              ;protocolloagosta@pec.it
Centro;12;Lazio;58;Roma;3;58003;58003;58003;58003;A132;Albano Laziale;0;4;400;0;NM;23,8;38.433;http://www.comune.albanolaziale.rm.it ;PIAZZA DELLA COSTITUENTE, 1                    ;41;06/93295224;affarigenerali@comune.albanolaziale.rm.it                                                           ;protocollo@cert.comune.albanolaziale.rm.it
Centro;12;Lazio;58;Roma;4;58004;58004;58004;58004;A210;Allumiere;0;4;522;0;T;92,17;4.133;http://www.comune.allumiere.rm.it ;PIAZZA DELLA REPUBBLICA 39              ;51;0766/ 96010;info@comune.allumiere.rm.it;segreteriaallumiere@pec.provincia.roma.it
Centro;12;Lazio;58;Roma;5;58005;58005;58005;58005;A297;Anguillara Sabazia;0;3;195;0;NM;75,24;18.575;http://www.comune.anguillara-sabazia.roma.it ;PIAZZA DEL COMUNE, 1                    ;61;06  /9960001     ;sindaco@comune.anguillara-sabazia.roma.it;comune.anguillara@pec.it
Centro;12;Lazio;58;Roma;6;58006;58006;58006;58006;A309;Anticoli Corrado;0;1;508;0;T;16,22;942;http://halleyweb.com/c058006/hh/index.php;VIA G. BERTOLETTI 1                     ;22;0774/936318      ;;comune.anticolicorrado@pec.it
Centro;12;Lazio;58;Roma;7;58007;58007;58007;58007;A323;Anzio;0;5;3;1;NM;43,65;49.731;http://www.comune.anzio.roma.it ;PIAZZA CESARE BATTISTI,25            ;42;06  /984991      ;sindaco@comune.anzio.roma.it;protocollo.comuneanzio@pec.it
Centro;12;Lazio;58;Roma;8;58008;58008;58008;58008;A370;Arcinazzo Romano;0;1;831;0;T;28,31;1.394;http://www.arcinazzo.org ;Viale S. Giorgio, 1;20;0774/808006      ;info@arcinazzo.org                                                                                  ;petrini@pec.arcinazzo.org
Centro;12;Lazio;58;Roma;9;58009;58009;58009;58009;A401;Ariccia;0;4;412;0;NM;18,59;18.311;http://www.ariccia.rm.gov.it/ ;PIAZZA SAN NICOLA  snc                      ;40;06  /934851      ;segreteriagenerale@comunediariccia.it                                                               ;protocollo@pec.comunediariccia.it
Centro;12;Lazio;58;Roma;10;58010;58010;58010;58010;A446;Arsoli;0;1;470;0;T;12,2;1.647;http://www.comunediarsoli.rm.it/ ;PIAZZA MARTIRI ANTIFASCISTI, 1           ;23;0774/920006-8      ;anagrafe@comunediarsoli.rm.it;comunediarsoli@pec.comunediarsoli.rm.it
Centro;12;Lazio;58;Roma;11;58011;58011;58011;58011;A449;Artena;0;3;420;0;NM;54,8;13.665;http://www.comune.artena.rm.it ;VIA MUNICIPIO ,7                     ;31;06  /9519120    ;protocollo@comune.artena.rm.it;comune.artena@pec.it
Centro;12;Lazio;58;Roma;12;58012;58012;58012;58012;A749;Bellegra;0;3;815;0;P;18,78;2.948;http://www.comune.bellegra.rm.gov.it/;Piazza del Municipio 9;30;06  /9561801     ;info@comune.bellegra.rm.gov.it;segreteriabellegra@pec.provincia.roma.it
Centro;12;Lazio;58;Roma;13;58013;58013;58013;58013;B114;Bracciano;0;3;280;0;NM;143,06;18.549;http://www.comune.bracciano.rm.it;PIAZZA IV NOVEMBRE 6                    ;62;06 -998161;sindaco@comune.bracciano.rm.it;bracciano.urp@pec.it
Centro;12;Lazio;58;Roma;14;58014;58014;58014;58014;B472;Camerata Nuova;0;1;810;0;T;40,5;460;http://www.comune.cameratanuova.rm.it;Piazza Roma, 6;20;0774/935024      ;proloco@cameratanuova.com;info@pec.comune.cameratanuova.it
Centro;12;Lazio;58;Roma;15;58015;58015;58015;58015;B496;Campagnano di Roma;0;3;270;0;NM;46,94;11.107;http://www.comunecampagnano.it ;Piazza Cesare Leonelli,15 ;63;06  /9015601     ;segreteria@comunecampagnano.it;protocollo@pec.comunecampagnano.it
Centro;12;Lazio;58;Roma;16;58016;58016;58016;58016;B576;Canale Monterano;0;3;378;0;NM;36,92;4.071;http://www.comune.canalemonterano.rm.it ;PIAZZA DEL CAMPO 9                      ;60;06  /99675132    ;info@comune.canalemonterano.rm.it;p.marani@pec.comune.canalemonterano.rm.it
Centro;12;Lazio;58;Roma;17;58017;58017;58017;58017;B635;Canterano;0;1;602;0;T;7,37;359;http://www.comune.canterano.rm.it/ ;V. DEL CASTELLO 7                       ;20;0774/803023      ;;canterano.comune@pec.it
Centro;12;Lazio;58;Roma;18;58018;58018;58018;58018;B649;Capena;0;3;160;0;NM;29,51;9.488;http://www.comune.capena.rm.it ;PIAZZA SAN LUCA , 1                      ;60;06  /9037601/2/3     ;segreteria@comunedicapena.it;protocollo.comunedicapena@legalmail.it
Centro;12;Lazio;58;Roma;19;58019;58019;58019;58019;B687;Capranica Prenestina;0;1;915;0;T;20,36;330;http://www.comunecapranicaprenestina.it/ ;PIAZZA Aristide Frezza,6            ;30;06  /9584031     ;sindaco@comunecapranica.com;comunecapranicaprenestina@pec.it
Centro;12;Lazio;58;Roma;20;58020;58020;58020;58020;B828;Carpineto Romano;0;1;550;0;T;86,29;4.649;http://www.carpinetoromano.it ;PIAZZA DELLA VITTORIA, 1                ;32;06  /9718001     ;sindaco@carpinetoromano.it;comunedicarpinetoromano.sindaco.rm@pa.postacertificata.gov.it
Centro;12;Lazio;58;Roma;21;58021;58021;58021;58021;B932;Casape;0;3;475;0;T;5,38;737;http://www.comunecasape.it/ ;VIA ROMA 24                             ;10;0774/489000      ;info@comunecasape.it;protocollo@pec.comunecasape.it
Centro;12;Lazio;58;Roma;22;58022;58022;58022;58022;C116;Castel Gandolfo;0;4;426;0;NM;14,19;8.782;http://www.comune.castelgandolfo.rm.it ;PIAZZA della LIBERTA' 7                       ;40;06  /9359181     ;milvia.monachesi@comune.castelgandolfo.rm.it;protocollosede.comunecastelgandolfo@sicurezzapostale.it
Centro;12;Lazio;58;Roma;23;58023;58023;58023;58023;C203;Castel Madama;0;3;428;0;T;28,8;7.328;http://www.comunedicastelmadama.it/;CORSO CAVOUR, 34                        ;24;0774/45001       ;segreteria.sindaco@comunedicastelmadama.it;comunedicastelmadama.rm.protocollo@pa.postacertificata.gov.it
Centro;12;Lazio;58;Roma;24;58024;58024;58024;58024;C237;Castelnuovo di Porto;0;3;250;0;NM;30,57;8.059;http://www.comune.castelnuovodiporto.rm.it/;VIA MONTEFIORE                          ;60;06  /9017401     ;f.stefoni@comune.castelnuovodiporto.rm.it;anagrafe-elettorale@pec.comune.castelnuovodiporto.rm.it
Centro;12;Lazio;58;Roma;25;58025;58025;58025;58025;C266;Castel San Pietro Romano;0;3;752;0;T;15,29;855;http://www.castelsanpietroromano.rm.gov.it/;VIA Vittorio Veneto                         ;30;06  /9538481     ;giada.defrancesco@castelsanpietroromano.rm.gov.it;segreteriacastelsanpietro@pec.provincia.roma.it
Centro;12;Lazio;58;Roma;26;58026;58026;58026;58026;C390;Cave;0;3;399;0;NM;17,88;10.421;http://www.comune.cave.rm.it;Piazza G.GARIBALDI N.6;33;06  /9500081     ;;comunedicave.rm.protocollo@pa.postacertificata.gov.it
Centro;12;Lazio;58;Roma;27;58027;58027;58027;58027;C518;Cerreto Laziale;0;1;520;0;T;12,08;1.192;http://www.comunecerretolaziale.rm.it;Piazza Giuseppe Garibaldi, 11;20;0774/798032      ;;salvaticostantino.cerretol@pec.it
Centro;12;Lazio;58;Roma;28;58028;58028;58028;58028;C543;Cervara di Roma;0;1;1.053;0;T;31,75;472;http://www.comune.cervaradiroma.rm.it/ ;VIA G. VERDI 9                          ;20;0774/828715      ;segretariocomunale@comune.cervaradiroma.rm.it;cervaradiroma.comune@legalmail.it
Centro;12;Lazio;58;Roma;29;58029;58029;58029;58029;C552;Cerveteri;0;4;81;1;NM;134,32;35.207;http://www.comune.cerveteri.rm.it;PIAZZA RISORGIMENTO 1                   ;52;06  /896301      ;sindaco@comune.cerveteri.rm.it;comunecerveteri@pec.it
Centro;12;Lazio;58;Roma;30;58030;58030;58030;58030;C677;Ciciliano;0;1;619;0;T;18,85;1.353;http://www.comune.ciciliano.rm.it ;VIA ROMA 49                             ;20;0774/790006      ;ragioneria@comune.ciciliano.rm.it;protocollo@pec.comune.ciciliano.rm.it
Centro;12;Lazio;58;Roma;31;58031;58031;58031;58031;C702;Cineto Romano;0;1;519;0;T;10,37;641;http://www.cineto.it ;VIA CARLO TODINI, 8                     ;20;0774/928016      ;info@cineto.it                                                                                      ;comune.cinetoromano@pec.it
Centro;12;Lazio;58;Roma;32;58032;58032;58032;58032;C773;Civitavecchia;0;4;10;1;NM;73,74;51.229;http://www.comune.civitavecchia.rm.it/ ;Piazzale Pietro Guglielmotti, 7;53;0766/5901        ;sindaco@comune.civitavecchia.rm.it;comune.civitavecchia@legalmail.it
Centro;12;Lazio;58;Roma;33;58033;58033;58033;58033;C784;Civitella San Paolo;0;3;195;0;NM;20,75;1.754;http://www.comune.civitellasanpaolo.rm.gov.it/ ;P.zza Santa Maria,16;60;0765/335121      ;;comune.civitellasanpalo@pcert.it
Centro;12;Lazio;58;Roma;34;58034;58034;58034;58034;C858;Colleferro;0;3;218;0;NM;26,99;21.574;http://www.comune.colleferro.rm.it ;PIAZZA ITALIA 1                         ;34;06  /972031      ;vice.sindaco@comune.colleferro.rm.it;comune.colleferro@legalmail.it
Centro;12;Lazio;58;Roma;35;58035;58035;58035;58035;C900;Colonna;0;4;343;0;T;3,55;4.002;http://www.comune.colonna.roma.it ;Piazza Vittorio Emanuele II, n. 5;30;06  /9473101     ;sindaco@comune.colonna.roma.it;info@pec.comunedicolonna.it
Centro;12;Lazio;58;Roma;36;58036;58036;58036;58036;D561;Fiano Romano;0;3;97;0;NM;41,19;13.059;http://www.comune.fianoromano.rm.it/ ;PIAZZA MATTEOTTI 9                      ;65;0765/4071        ;sindaco@comune.fianoromano.rm.it;protocollo@pec.comune.fianoromano.rm.it
Centro;12;Lazio;58;Roma;37;58037;58037;58037;58037;D586;Filacciano;0;3;197;0;NM;5,66;490;http://www.comune.filacciano.rm.it ;VIA ORESTE LEONARDI,5                   ;60;0765/332113      ;sindaco@comune.filacciano.rm.it;comunedifilacciano@pcert.it
Centro;12;Lazio;58;Roma;38;58038;58038;58038;58038;D707;Formello;0;3;225;0;NM;31,15;11.909;http://www.comune.formello.rm.it/;Piazza San Lorenzo, 8;60;06  /901941      ;staffsindaco@comunediformello.it;comunediformello.rm.suap@pa.postacertificata.gov.it
Centro;12;Lazio;58;Roma;39;58039;58039;58039;58039;D773;Frascati;0;4;320;0;P;22,48;20.755;http://www.comune.frascati.rm.it;PIAZZA G. MARCONI 3                        ;44;06  /941841      ;ufficiopatrimonio@comune.frascati.rm.it;protocollofrascati@legalmail.it
Centro;12;Lazio;58;Roma;40;58040;58040;58040;58040;D875;Gallicano nel Lazio;0;3;214;0;P;25,7;5.749;http://www.gallicanonellazio.rm.gov.it/ ;VIA TRE NOVEMBRE 7                      ;10;06  /95460093    ;info@comune.gallicanonellazio.rm.it;gallicanonellazio@pec.it
Centro;12;Lazio;58;Roma;41;58041;58041;58041;58041;D945;Gavignano;0;1;404;0;NM;15,04;1.956;http://www.gavignano.rm.gov.it/ ;Via Padre Angelo Cerbara, 80;30;06  /9703033     ;luigi.martinozzi@gavignano.rm.gov.it;comunegavignano@interfreepec.it
Centro;12;Lazio;58;Roma;42;58042;58042;58042;58042;D964;Genazzano;0;3;375;0;NM;32,07;5.959;http://www.genazzano.org;PIAZZA S. MARIA  4                      ;30;06  /955791      ;sindaco@genazzano.org;comune.genazzano@pec.genazzano.org
Centro;12;Lazio;58;Roma;43;58043;58043;58043;58043;D972;Genzano di Roma;0;4;435;0;NM;17,9;23.780;http://www.comune.genzanodiroma.roma.it ;VIA ITALO BELARDI 81                    ;45;06  /937111      ;sindaco@comune.genzanodiroma.roma.it;protocollo@comunegenzanodiromapec.it
Centro;12;Lazio;58;Roma;44;58044;58044;58044;58044;D978;Gerano;0;1;502;0;T;10,12;1.248;http://www.gerano.rm.gov.it ;Piazza degli Eroi, 1;25;0774/798002      ;sindaco@gerano.rm.gov.it;segreteria.gerano@pec.provincia.roma.it
Centro;12;Lazio;58;Roma;45;58045;58045;58045;58045;E091;Gorga;0;1;766;0;T;26,19;767;http://www.gorga.rm.gov.it/ ;Piazza Giuseppe Mazzini, 5;30;06  /9775101     ;protocollo@gorga.rm.gov.it;comunegorga@interfreepec.it
Centro;12;Lazio;58;Roma;46;58046;58046;58046;58046;E204;Grottaferrata;0;4;320;0;P;18,4;19.156;http://www.comune.grottaferrata.roma.it;Piazzetta Eugenio Conti n.1;46;06  /945401616    ;info@comune.grottaferrata.roma.it;seg.generale@pec.comune.grottaferrata.roma.it
Centro;12;Lazio;58;Roma;47;58047;58047;58047;58047;E263;Guidonia Montecelio;0;3;105;0;P;79,47;81.447;http://www.comune.guidonia-montecelio.rm.it ;PIAZZA  MATTEOTTI                            ;12;0774/3011        ;sindaco@guidonia.org;comuneguidoniamontecelio.rm.protocollo@pa.postacertificata.gov.it
Centro;12;Lazio;58;Roma;48;58048;58048;58048;58048;E382;Jenne;0;1;834;0;T;31,45;398;http://www.comune.jenne.rm.it/ ;VIA IV NOVEMBRE 10                      ;20;0774/827601      ;;comunejenne@pec.it
Centro;12;Lazio;58;Roma;49;58049;58049;58049;58049;E392;Labico;0;3;319;0;NM;11,75;5.979;http://www.labico.com ;Via Giacomo Matteotti, 8;30;06-9518581;sindaco@labico.com;protocollo@comune.labico.legalmail.it
Centro;12;Lazio;58;Roma;50;58050;58050;58050;58050;C767;Lanuvio;0;4;324;0;NM;43,76;13.006;http://www.comune.lanuvio.rm.it/ ;Via Roma, 20;40;06  /937891      ;affarigenerali@comune.lanuvio.rm.it;segreterialanuvio@pec.provincia.roma.it
Centro;12;Lazio;58;Roma;51;58051;58051;58051;58051;E576;Licenza;0;1;475;0;T;17,99;1.012;http://www.comunedilicenza.it ;VIA DON MINZONI 12                      ;26;0774/46031       ;;comunedilicenza.rm.servizidemografici@pa.postacertificata.gov.it
Centro;12;Lazio;58;Roma;52;58052;58052;58052;58052;E813;Magliano Romano;0;3;270;0;NM;20,52;1.470;http://www.comunedimaglianoromano.it/ ;PIAZZA RISORGIMENTO 1                   ;60;06  /9048005     ;sindaco@comunedimaglianoromano.it;segretario@pec.comunedimaglianoromano.it
Centro;12;Lazio;58;Roma;53;58053;58053;58053;58053;B632;Mandela;0;1;487;0;P;13,72;897;http://www.comune.mandela.roma.it ;PIAZZA EUROPA UNITA 1                   ;20;0774/492003      ;;demograficimandela@legalmail.it
Centro;12;Lazio;58;Roma;54;58054;58054;58054;58054;E900;Manziana;0;3;369;0;NM;24;7.082;http://www.comune.manziana.rm.it ;LARGO G. FARA                           ;66;06- 9962980;segreteriasindaco@comune.manziana.rm.it;info.comunemanziana@pec.it
Centro;12;Lazio;58;Roma;55;58055;58055;58055;58055;E908;Marano Equo;0;1;450;0;P;7,65;786;http://www.maranoequo.rm.gov.it/ ;Piazza del Municipio, 1;20;0774/820213      ;;segreteriamaranoequo@pec.provincia.roma.it
Centro;12;Lazio;58;Roma;56;58056;58056;58056;58056;E924;Marcellina;0;3;285;0;T;15,36;6.901;http://www.comune.marcellina.rm.it ;PIAZZA C. BATTISTI 14                   ;10;0774/42701       ;demografici@comune.marcellina.rm.it;amministrazione@pec.comune.marcellina.rm.it
Centro;12;Lazio;58;Roma;57;58057;58057;58057;58057;E958;Marino;0;4;360;0;P;24,19;38.245;http://www.comune.marino.rm.it ;Piazza della Repubblica, 1;47;06  /936621      ;sindaco@comune.marino.rm.it;protocollo@pec.comune.marino.rm.it
Centro;12;Lazio;58;Roma;58;58058;58058;58058;58058;F064;Mazzano Romano;0;3;200;0;NM;29,07;3.056;http://www.mazzanoromano.rm.gov.it/ ;PIAZZA GIOVANNI XXIII   n.8                  ;60;06  /9049490     ;sindaco@comune.mazzanoromano.rm.it;demografici.mazzanoromano@pec.it
Centro;12;Lazio;58;Roma;59;58059;58059;58059;58059;F127;Mentana;0;3;150;0;NM;24,27;20.772;http://www.comune.mentana.rm.it;P.zza della Repubblica, n° 6;13;06  /909691      ;sindaco@comune.mentana.rm.it;comune.mentana@anutel.it
Centro;12;Lazio;58;Roma;60;58060;58060;58060;58060;F477;Monte Compatri;0;4;576;0;P;24,57;11.234;http://www.comune.montecompatri.roma.it;Piazza del Mercato 1;40;06/94780202;sindaco@comune.montecompatri.rm.gov.it;protocollo@pec.comune.montecompatri.roma.it
Centro;12;Lazio;58;Roma;61;58061;58061;58061;58061;F504;Monteflavio;0;1;800;0;T;16,84;1.399;http://www.comune.monteflavio.rm.it;via IV novembre, 10 ;10;0774/69332       ;sindaco@comune.monteflavio.rm.it;protocollo.comune.monteflavio@pec.it
Centro;12;Lazio;58;Roma;62;58062;58062;58062;58062;F534;Montelanico;0;1;297;0;T;35,14;2.152;http://www.halleyweb.com/c058062;PIAZZA V. EMANUELE II° 31               ;30;06  /97050003    ;info@comune.montelanico.roma.it;amministrativa@pec.comune.montelanico.roma.it
Centro;12;Lazio;58;Roma;63;58063;58063;58063;58063;F545;Montelibretti;0;3;232;0;NM;45,43;5.213;http://www.comune.montelibretti.roma.it/;Piazza della Repubblica, 1;10;0774/60681       ;municipio@comune.montelibretti.roma.it                                                              ;segreteria@pec.montelibretti.info
Centro;12;Lazio;58;Roma;64;58064;58064;58064;58064;F590;Monte Porzio Catone;0;4;451;0;T;9,13;8.617;http://www.comune.monteporziocatone.rm.it/;VIA ROMA 5                              ;40;06/942831;sindaco@comune.monteporziocatone.rm.it;comune.monteporziocatone@legalmail.it
Centro;12;Lazio;58;Roma;65;58065;58065;58065;58065;F611;Monterotondo;0;3;165;0;NM;40,94;39.502;http://www.comune.monterotondo.rm.it;PIAZZA MARCONI 4                        ;15;06/90964270;sindaco@comune.monterotondo.rm.it;comune.monterotondo.rm@pec.it
Centro;12;Lazio;58;Roma;66;58066;58066;58066;58066;F692;Montorio Romano;0;3;575;0;P;23,39;2.035;http://www.comunemontorioromano.it;Via IV novembre, 115;10;0774/62223       ;sindaco@comunemontorioromano.it;amministrazione@pec.comunemontorioromano.it
Centro;12;Lazio;58;Roma;67;58067;58067;58067;58067;F730;Moricone;0;3;296;0;NM;19,59;2.683;http://www.comune.moricone.rm.it ;PIAZZA SANTE AURELI 1                   ;10;0774/605168      ;comune@moricone.net                                                                                 ;protocollomoricone@pec.it
Centro;12;Lazio;58;Roma;68;58068;58068;58068;58068;F734;Morlupo;0;3;207;0;NM;24,08;8.122;http://www.comune.morlupo.roma.it ;VIA D. BENEDETTI 1                      ;67;06  /901951      ;sindaco@comune.morlupo.roma.it;info@pec.morlupo.eu
Centro;12;Lazio;58;Roma;69;58069;58069;58069;58069;F857;Nazzano;0;3;202;0;NM;12,4;1.361;http://www.nazzano.rm.gov.it/;Via G. Mazzini, 4;60;0765/332002      ;;comune.nazzano@pcert.it
Centro;12;Lazio;58;Roma;70;58070;58070;58070;58070;F865;Nemi;0;4;521;0;NM;7,33;1.925;http://www.nemi.rm.gov.it ;PIAZZA DEL MUNICIPIO, 9                 ;40;06  /9365011     ;;segreterianemi@pec.provincia.roma.it
Centro;12;Lazio;58;Roma;71;58071;58071;58071;58071;F871;Nerola;0;3;453;0;NM;17,1;1.821;http://www.comunenerola.it/ ;C.so Umberto I, 15;17;0774/683003      ;sindaco@comunenerola.it;segreterianerola@pec.provincia.roma.it
Centro;12;Lazio;58;Roma;72;58072;58072;58072;58072;F880;Nettuno;0;5;11;1;NM;71,64;45.460;http://www.comune.nettuno.roma.it ;Viale Giacomo Matteotti, n. 37;48;06  /988891      ;sindaco@comune.nettuno.roma.it;protocollogenerale@pec.comune.nettuno.roma.it
Centro;12;Lazio;58;Roma;73;58073;58073;58073;58073;G022;Olevano Romano;0;3;571;0;P;26,16;6.742;http://www.comune.olevanoromano.rm.it ;Via del Municipio, 1;35;06/95600211;settore_affarigenerali@comune.olevanoromano.rm.it;affarigenerali@pec.comune.olevanoromano.rm.it
Centro;12;Lazio;58;Roma;74;58074;58074;58074;58074;G274;Palestrina;0;3;450;0;P;47,02;20.498;http://www.comune.palestrina.rm.it ;VIA DEL TEMPIO, 1                       ;36;06  /953021      ;info@comune.palestrina.rm.it;protocollo@comune.palestrina.legalmail.it
Centro;12;Lazio;58;Roma;75;58075;58075;58075;58075;G293;Palombara Sabina;0;3;372;0;P;75,8;12.167;http://www.comune.palombarasabina.rm.it ;Piazza Vittorio Veneto,12 ;18;0774/63641       ;sindaco@comune.palombarasabina.rm.it;comune.palombarasabina.rm@halleycert.it
Centro;12;Lazio;58;Roma;76;58076;58076;58076;58076;G444;Percile;0;1;575;0;T;17,76;277;http://www.comunedipercile.it ;VIA ATTORNO PALAZZO BORGHESE 8          ;20;0774/ 469019;comune@comunedipercile.it;postacert@pec.comunedipercile.it
Centro;12;Lazio;58;Roma;77;58077;58077;58077;58077;G704;Pisoniano;0;3;532;0;T;12,92;803;http://www.pisoniano.rm.gov.it/ ;PIAZZA MUNICIPIO 6                      ;20;06/9577001;sindaco@comunedipisoniano.it;comunedipisoniano.rm.anagrafe@pa.postacertificata.gov.it
Centro;12;Lazio;58;Roma;78;58078;58078;58078;58078;G784;Poli;0;3;435;0;T;21,75;2.433;http://www.comune.poli.rm.it/ ;PIAZZA CONTI 2                          ;10;06  /9551002     ;;amministrativo@pec.comunepoli.it
Centro;12;Lazio;58;Roma;79;58079;58079;58079;58079;G811;Pomezia;0;5;108;1;NM;86,57;56.372;http://www.comune.pomezia.rm.it ;PIAZZA INDIPENDENZA PALAZZO TORRE                  ;40;06/ 91146516;segreteria.sindaco@comune.pomezia.rm.it;protocollo@pec.comune.pomezia.rm.it
Centro;12;Lazio;58;Roma;80;58080;58080;58080;58080;G874;Ponzano Romano;0;3;205;0;NM;19,52;1.158;http://www.comune.ponzanoromano.rm.it ;VIA  ARMANDO CASALINI, 7                ;60;0765/338175      ;;comune.ponzanoromano@pcert.it
Centro;12;Lazio;58;Roma;81;58081;58081;58081;58081;H267;Riano;0;3;125;0;NM;25,43;9.536;http://www.comune.riano.rm.it;L.go Montechiara 1;60;06  /9013731     ;sindaco@comune.riano.rm.it;comunediriano.rm.segreteria@pa.postacertificata.gov.it
Centro;12;Lazio;58;Roma;82;58082;58082;58082;58082;H288;Rignano Flaminio;0;3;250;0;NM;38,56;9.573;http://www.comune.rignanoflaminio.rm.it ;P.ZZA 4 NOVEMBRE, 1                     ;68;0761/597901      ;sindaco@comune.rignanoflaminio.rm.it;protocollo@pec.comune.rignanoflaminio.rm.it
Centro;12;Lazio;58;Roma;83;58083;58083;58083;58083;H300;Riofreddo;0;1;705;0;T;12,38;762;http://www.comunediriofreddo.it/ ;VIA COSTANZA GARIBALDI, 6               ;20;0774/929116      ;sindaco@comunediriofreddo.it;segretariocomunale.comunediriofreddo@pec.it
Centro;12;Lazio;58;Roma;84;58084;58084;58084;58084;H387;Rocca Canterano;0;1;745;0;T;15,84;207;http://www.comune.roccacanterano.rm.it ;VIA DEL MUNICIPIO 31                    ;20;0774/803400      ;;segreteriaroccacanterano@pec.provincia.roma.it
Centro;12;Lazio;58;Roma;85;58085;58085;58085;58085;H401;Rocca di Cave;0;3;933;0;T;11,09;396;http://www.roccadicave.rm.gov.it/ ;PIAZZA EUGENIO MAGGI 1                  ;30;06/9584098;roccadicave@provincia.roma.it;segreteriaroccadicave@pec.provincia.roma.it
Centro;12;Lazio;58;Roma;86;58086;58086;58086;58086;H404;Rocca di Papa;0;4;680;0;P;39,72;15.576;http://www.comune.roccadipapa.rm.it;CORSO COSTITUENTE 26                    ;40;06  /9428611     ;sindaco@comune.roccadipapa.rm.it;demografici@pec-comuneroccadipapa.it
Centro;12;Lazio;58;Roma;87;58087;58087;58087;58087;H411;Roccagiovine;0;1;520;0;T;8,41;280;http://www.comuneroccagiovine.it/;PALAZZO COMUNALE VIA DEL RIO 1          ;20;0774/498831      ;roccagiovine@provincia.roma.it                                                                      ;protocollo@pec.comuneroccagiovine.it
Centro;12;Lazio;58;Roma;88;58088;58088;58088;58088;H432;Rocca Priora;0;4;768;0;P;28,27;10.819;http://www.comune.roccapriora.roma.it ;PIAZZA UMBERTO I                        ;40;0694284222 ;sindaco@comune.roccapriora.roma.it;comune.roccapriora@pec.it
Centro;12;Lazio;58;Roma;89;58089;58089;58089;58089;H441;Rocca Santo Stefano;0;1;664;0;T;9,57;1.028;http://www.comune.roccasantostefano.rm.it;VIA PADRE PELLEGRINO ERNETTI, 9         ;30;06  /9567304     ;sindaco@comune.roccasantostefano.rm.it;comune.roccasantostefano.rm@pec.it
Centro;12;Lazio;58;Roma;90;58090;58090;58090;58090;H494;Roiate;0;1;697;0;T;10,35;749;http://www.comune.roiate.rm.it;VIA DELLA CHIESA 7                      ;30;06/9569002;servizio.finanziario@comune.roiate.rm.it;info@pec.comune.roiate.rm.it
Centro;12;Lazio;58;Roma;91;58091;58091;58091;58091;H501;Roma;1;5;20;1;P;1.287,36;2.617.175;http://www.comune.roma.it ;Palazzo Senatorio, p.zza del Campidoglio n.1;100;06 /67103898;sindaco@comune.roma.it;protocollo.segretariato@pec.comune.roma.it
Centro;12;Lazio;58;Roma;92;58092;58092;58092;58092;H618;Roviano;0;1;523;0;T;8,5;1.392;http://www.comuneroviano.rm.it/ ;P.ZZA DELLA REPUBBLICA, 4               ;27;0774/903143      ;;comuneroviano@pec.it
Centro;12;Lazio;58;Roma;93;58093;58093;58093;58093;H658;Sacrofano;0;3;260;0;NM;28,43;6.668;http://www.comunedisacrofano.it/ ;Largo B. Placidi, 1;60;06/90117001;comune@comunedisacrofano.it                                                                         ;comune@pec.comunedisacrofano.it
Centro;12;Lazio;58;Roma;94;58094;58094;58094;58094;H745;Sambuci;0;1;434;0;T;8,3;936;http://www.comunesambuci.rm.it/;Via Alberto Theodoli, 1 ;20;0774/797006      ;sindaco@comunesambuci.rm.it;protocollo@pec.comunesambuci.rm.it
Centro;12;Lazio;58;Roma;95;58095;58095;58095;58095;H942;San Gregorio da Sassola;0;3;420;0;T;35,45;1.553;http://www.comune.sangregoriodasassola.rm.it ;L.go Luigi Sturzo, 6;10;0774/480014      ;;comune.sangregorio@pec.it
Centro;12;Lazio;58;Roma;96;58096;58096;58096;58096;I125;San Polo dei Cavalieri;0;1;651;0;T;42,53;2.984;http://www.comunesanpolodeicavalieri.net;Via Due Giugno n. 1;10;0774/416032      ;sindaco@comunesanpolodeicavalieri.net;comunesanpolodecavalieri.rm.protocollo@pa.postacertificata.gov.it
Centro;12;Lazio;58;Roma;97;58097;58097;58097;58097;I255;Santa Marinella;0;4;7;1;NM;48,91;17.403;http://www.santamarinella.rm.gov.it/;VIA AURELIA 455                         ;58;0766/671500;sindaco@comune.santamarinella.rm.it;protocollosantamarinella@postecert.it
Centro;12;Lazio;58;Roma;98;58098;58098;58098;58098;I284;Sant'Angelo Romano;0;3;400;0;P;21,36;4.488;http://www.comune.santangeloromano.rm.it/ ;PIAZZA SANTA LIBERATA, 2                    ;10;0774/300808      ;;comune.santangeloromano@legalmail.it
Centro;12;Lazio;58;Roma;99;58099;58099;58099;58099;I352;Sant'Oreste;0;3;420;0;NM;43,89;3.702;http://www.santoreste.rm.gov.it/;Piazza dei Cavalieri Caccia, 10;60;0761/ 578433;;comunesantoreste@pec.it
Centro;12;Lazio;58;Roma;100;58100;58100;58100;58100;I400;San Vito Romano;0;3;655;0;P;12,66;3.366;http://www.sanvitoromano.rm.gov.it/;Via Borgo Mario Theodoli, 34;30;06  /9571006     ;sindaco@sanvitoromano.rm.gov.it;segreteriasanvitoromano@pec.provincia.roma.it
Centro;12;Lazio;58;Roma;101;58101;58101;58101;58101;I424;Saracinesco;0;1;908;0;T;11,16;184;http://www.comune.saracinesco.rm.it;PIAZZA ROMA 3                           ;20;0774/791004      ;;servizidemografici@pec.comune.saracinesco.rm.it
Centro;12;Lazio;58;Roma;102;58102;58102;58102;58102;I573;Segni;0;1;668;0;T;60,86;9.101;http://www.comune.segni.rm.it ;Via Umberto I n. 99;37;06  /972621      ;sindaco@comune.segni.rm.it;segreteriasegni@pec.provincia.roma.it
Centro;12;Lazio;58;Roma;103;58103;58103;58103;58103;I992;Subiaco;0;1;408;0;T;63,23;9.066;http://www.comune.subiaco.rm.it ;P.zza S.Andrea, 1;28;0774/8161        ;sindaco@comunesubiaco.com;sindaco@pec.comunesubiaco.com
Centro;12;Lazio;58;Roma;104;58104;58104;58104;58104;L182;Tivoli;0;3;235;0;P;68,65;52.910;http://www.comune.tivoli.rm.it/ ;PIAZZA DEL GOVERNO 1                    ;19;0774/4531        ;sindaco@comune.tivoli.rm.it;info@pec.comune.tivoli.rm.it
Centro;12;Lazio;58;Roma;105;58105;58105;58105;58105;L192;Tolfa;0;4;484;0;T;168,27;5.147;http://www.comuneditolfa.it/ ;PIAZZA VITTORIO VENETO 12               ;59;0766/93901       ;luigilandi@comuneditolfa.it;protocollotolfa@postecert.it
Centro;12;Lazio;58;Roma;106;58106;58106;58106;58106;L302;Torrita Tiberina;0;3;179;0;NM;10,78;1.071;http://www.comune.torritatiberina.rm.it ;L.go 16 Marzo 1978, 9;60;0765/30116       ;sindaco@comune.torritatiberina.rm.it;segreteriatorritatiberina@pec.provincia.roma.it
Centro;12;Lazio;58;Roma;107;58107;58107;58107;58107;L401;Trevignano Romano;0;3;220;0;NM;38,99;5.274;http://www.trevignanoromano.it ;Piazza Vittorio Emanuele III, 1;69;06  /9991201     ;urp@trevignanoromano.it;s.magliano@pec.trevignanoromano.it
Centro;12;Lazio;58;Roma;108;58108;58108;58108;58108;L611;Vallepietra;0;1;825;0;T;52,94;306;http://www.comunevallepietra.it ;PIAZZA ITALIA, 1                        ;20;0774/899031      ;info@comunevallepietra.it;infovallepietra@pec.it
Centro;12;Lazio;58;Roma;109;58109;58109;58109;58109;L625;Vallinfreda;0;1;874;0;T;16,72;317;http://www.comunevallinfreda.rm.it ;PIAZZA DEL MERCATO 6                    ;20;0774/925088      ;p.moscardini@comunevallinfreda.rm.it;anagrafe.vallinfreda@pec.it
Centro;12;Lazio;58;Roma;110;58110;58110;58110;58110;L639;Valmontone;0;3;303;0;NM;40,91;14.975;http://www.comune.valmontone.rm.gov.it ;VIA NAZIONALE 5                         ;38;06  /959901      ; sindaco@comune.valmontone.rm.gov.it;protocollo@cert.comune.valmontone.rm.it
Centro;12;Lazio;58;Roma;111;58111;58111;58111;58111;L719;Velletri;0;4;332;0;NM;118,23;52.295;http://www.comune.velletri.rm.it ;PIAZZA CESARE OTTAVIANO AUGUSTO 1       ;49;06  /961581      ;sindaco.servadio@comune.velletri.rm.it;protocollo@pec.comune.velletri.rm.it
Centro;12;Lazio;58;Roma;112;58112;58112;58112;58112;L851;Vicovaro;0;1;300;0;T;35,94;3.937;http://www.comunedivicovaro.it/ ;Piazza Padre Pietro, n. 9;29;0774/498002      ;sindaco@comunedivicovaro.it;protocollo@pec.comunedivicovaro.it
Centro;12;Lazio;58;Roma;113;58113;58113;58113;58113;M095;Vivaro Romano;0;1;757;0;T;12,54;177;http://www.comunevivaroromano.it/ ;VIA MASTRO LAVINIO, 5                   ;20;0774/923002      ;;vivaroromano@pec.it
Centro;12;Lazio;58;Roma;114;58114;58114;58114;58114;M141;Zagarolo;0;3;303;0;P;28,04;16.922;http://www.zagarolo.rm.gov.it/;PIAZZA G. MARCONI 2                     ;39;06  /95769001      ;sindaco@comunedizagarolo.it;comunezagarolo.rm.protocollo@pa.postacertificata.gov.it
Centro;12;Lazio;58;Roma;115;58115;58115;58115;58115;M207;Lariano;0;4;350;0;NM;22,53;12.893;http://www.comune.lariano.rm.it/ ;Piazza S. Eurosia, 1;40;06-964991;staffsindaco@comune.lariano.rm.it;protocollo@pec.comune.lariano.rm.it
Centro;12;Lazio;58;Roma;116;58116;58116;58116;58116;M212;Ladispoli;0;4;2;1;NM;25,95;37.293;http://www.comune.ladispoli.roma.it/ ;Piazza G. Falcone;55;06/992311;vice.sindaco@comune.ladispoli.rm.gov.it;segreteriagenerale@pec.comunediladispoli.it
Centro;12;Lazio;58;Roma;117;58117;58117;58117;58117;M213;Ardea;0;5;37;1;NM;72,09;44.202;http://www.comune.ardea.rm.it ;Via Garibaldi, 5;40;06/9138001;seg.sindaco@comune.ardea.rm.it                                                                      ;comunediardea.affarigenerali.rm@pa.postacertificata.gov.it
Centro;12;Lazio;58;Roma;118;58118;58118;58118;58118;M272;Ciampino;0;4;124;0;NM;13;37.235;http://www.comune.ciampino.roma.it ;Largo Felice Armati, 1 ;43;06.79097.1;sindaco@comune.ciampino.roma.it;comunediciampino@pec.comune.ciampino.roma.it
Centro;12;Lazio;58;Roma;119;58119;58119;58119;58119;M295;San Cesareo;0;3;312;0;T;23,64;13.806;http://www.comune.sancesareo.rm.it ;Piazzale dell'Autonomia, 1;30;06.958981 ;info@comune.sancesareo.rm.it;segreteriasancesareo@pec.provincia.roma.it
Centro;12;Lazio;58;Roma;120;58120;58120;58120;58120;M297;Fiumicino;0;5;1;1;NM;213,89;67.626;http://www.comune.fiumicino.rm.gov.it ;Via Portuense, 2498;64;06/65210245;protocollo.generale@comune.fiumicino.rm.gov.it;comunedifiumicino.protocollo@pa.postacertificata.gov.it
Centro;12;Lazio;58;Roma;122;58122;58122;58122;58122;M309;Fonte Nuova;0;3;130;0;NM;19,94;30.572;http://www.comune.fonte-nuova.rm.it;Via Carlo Goldoni, 23;13;06 9056023;sindaco@comune.fonte-nuova.rm.it;protocollo@cert.fonte-nuova.it
Centro;12;Lazio;59;Latina;1;59001;59001;59001;59001;A341;Aprilia;0;5;80;0;NM;178,11;66.979;http://www.comunediaprilia.gov.it ;PIAZZA Roma 1;4011;06  /928641      ;sindaco@comunediaprilia.gov.it;protocollogenerale@pec.comunediaprilia.gov.it
Centro;12;Lazio;59;Latina;2;59002;59002;59002;59002;A707;Bassiano;0;3;562;0;T;32,4;1.580;http://www.comune.bassiano.lt.it/ ;Via Aldo Manuzio 119;4010;0773/355226      ;sindaco@comune.bassiano.lt.it; affarigenerali@pec.comune.bassiano.lt.it
Centro;12;Lazio;59;Latina;3;59003;59003;59003;59003;B527;Campodimele;0;4;647;0;T;38,38;638;http://www.comunedicampodimele.it ;Piazza Municipio, 4;4020;0771/598013      ;sindaco@comune.campodimele.lt.it;info@pec.comune.campodimele.lt.it
Centro;12;Lazio;59;Latina;4;59004;59004;59004;59004;C104;Castelforte;0;4;134;0;P;29,71;4.401;http://www.comune.castelforte.lt.it ;Piazza Municipio, 1;4021;0771/60791       ;sindaco@comune.castelforte.lt.it                                                                    ;protocollocastelforte@pec.it
Centro;12;Lazio;59;Latina;5;59005;59005;59005;59005;C740;Cisterna di Latina;0;5;77;0;NM;144,16;35.551;http://www.comune.cisterna.latina.it ;Via Zanella, 2;4012;06  /968341      ;sindaco@comune.cisterna.latina.it;mail@pec.comune.cisterna.latina.it
Centro;12;Lazio;59;Latina;6;59006;59006;59006;59006;D003;Cori;0;3;384;0;P;85,31;11.025;http://www.comune.cori.lt.it ;Via della Libertà, 36 ;4010;06  /966171      ;sindaco@comune.cori.lt.it;segretariocomunedicori@pec.it
Centro;12;Lazio;59;Latina;7;59007;59007;59007;59007;D662;Fondi;0;5;8;1;P;143,92;37.180;http://www.comune.fondi.lt.it ;Piazza Municipio;4022;0771-5071;sindaco@comune.fondi.lt.it                                                                          ;comune.fondi@pecaziendale.it
Centro;12;Lazio;59;Latina;8;59008;59008;59008;59008;D708;Formia;0;4;19;1;P;74,17;36.331;http://www.comune.formia.lt.it/ ;via Vitruvio, 190;4023;0771/7781        ;sindaco@comune.formia.lt.it;protocollo@pec.cittadiformia.it
Centro;12;Lazio;59;Latina;9;59009;59009;59009;59009;D843;Gaeta;0;4;2;1;P;29,2;20.762;http://www.comune.gaeta.lt.it ;Piazza XIX Maggio, 10;4024;0771/4691        ;sindaco@comune.gaeta.lt.it;anagrafe@pec.comune.gaeta.lt.it
Centro;12;Lazio;59;Latina;10;59010;59010;59010;59010;E375;Itri;0;4;170;1;T;101,1;10.460;http://www.comune.itri.lt.it/ ;Piazza Umberto I, 1;4020;0771/7321        ;sindaco@comune.itri.lt.it;comune.itri@postecert.it
Centro;12;Lazio;59;Latina;11;59011;59011;59011;59011;E472;Latina;1;5;21;1;NM;277,62;117.892;http://www.comune.latina.it ;Piazza del Popolo n.1;4100;0773/6521        ;segreteria.sindaco@comune.latina.it;urp@pec.comune.latina.it
Centro;12;Lazio;59;Latina;12;59012;59012;59012;59012;E527;Lenola;0;4;425;0;T;45,24;4.155;http://www.comune.lenola.lt.it/ ;Via Municipio, 8;4025;0771/59581       ;sindaco@comunedilenola.it;anagrafe.lenola@legalmail.it
Centro;12;Lazio;59;Latina;13;59013;59013;59013;59013;E798;Maenza;0;1;358;0;T;42,13;3.078;http://www.comunedimaenza.it/ ;Piazza Leone XIII;4010;0773/951310      ;sindaco@comunedimaenza.it;comunedimaenza@pec.it
Centro;12;Lazio;59;Latina;14;59014;59014;59014;59014;F224;Minturno;0;4;141;1;NM;42,14;19.472;http://www.comune.minturno.lt.it ;Via Principe di Piemonte, 9;4026;0771-6608200;sindaco@comune.minturno.lt.it;minturno@legalmail.it
Centro;12;Lazio;59;Latina;15;59015;59015;59015;59015;F616;Monte San Biagio;0;3;133;0;T;65,1;6.144;http://www.comune.montesanbiagio.lt.it ;Via Roma, n. 1;4020;0771/5689200;comune@comune.montesanbiagio.lt.it;comune.montesanbiagio@pecaziendale.it
Centro;12;Lazio;59;Latina;16;59016;59016;59016;59016;F937;Norma;0;3;410;0;T;31,22;4.035;http://www.comune.norma.lt.it ;Piazza I Maggio 1;4010;0773/35281       ;sindaco@comune.norma.lt.it;comunedinorma@postacert.it
Centro;12;Lazio;59;Latina;17;59017;59017;59017;59017;G865;Pontinia;0;5;4;0;NM;112,1;13.812;http://www.comune.pontinia.lt.it ;Piazza Indipendenza 1;4014;0773/8411        ;sindacocomune@comune.pontinia.lt.it                                                                 ;comunepontinia.lt.protocollo@pa.postacertificata.gov.it
Centro;12;Lazio;59;Latina;18;59018;59018;59018;59018;G871;Ponza;0;4;10;1;NM;10,16;3.255;http://www.comune.ponza.lt.it ;Piazza Carlo Pisacane 4;4027;0771/80108       ;sindaco@comune.ponza.lt.it;ufficiosegreteriaponza@pec.it
Centro;12;Lazio;59;Latina;19;59019;59019;59019;59019;G698;Priverno;0;3;151;0;P;56,98;13.891;http://www.comune.priverno.latina.it ;Piazza Giovanni XXIII;4015;0773/912201      ;sindaco@comune.priverno.latina.it;comune.priverno@postecert.it
Centro;12;Lazio;59;Latina;20;59020;59020;59020;59020;H076;Prossedi;0;3;206;0;T;35,37;1.233;http://www.comune.prossedi.lt.it/ ;via P.ssa A. Gabrielli 74;4010;0773/957016      ;;comune.prossedi@postecert.it
Centro;12;Lazio;59;Latina;21;59021;59021;59021;59021;H413;Roccagorga;0;1;287;0;T;24,49;4.552;http://www.comuneroccagorga.lt.it ;Via XXVIII Maggio, 2 ;4010;0773/96081       ;sindaco@comuneroccagorga.lt.it;servizidemografici@comuneroccagorga.telecompost.it
Centro;12;Lazio;59;Latina;22;59022;59022;59022;59022;H421;Rocca Massima;0;3;735;0;T;18,17;1.094;http://www.comuneroccamassima.it/web/ ;Via Del Comune, 1;4010;06  /9669001     ;sindaco@comuneroccamassima.it;protocollo@pec.comuneroccamassima.it
Centro;12;Lazio;59;Latina;23;59023;59023;59023;59023;H444;Roccasecca dei Volsci;0;3;376;0;T;23,5;1.126;http://www.comune.roccaseccadeivolsci.lt.it/;Piazza Umberto I, 9;4010;0773/920326      ;sindaco@comune.roccaseccadeivolsci.latina.it ;roccaseccadeivolsci@postecert.it
Centro;12;Lazio;59;Latina;24;59024;59024;59024;59024;H647;Sabaudia;0;5;17;1;NM;145,37;18.812;http://www.comune.sabaudia.latina.it ;Piazza del Comune, 1;4016;0773/5141        ;ufficio.protocollo@comune.sabaudia.latina.it;comunesabaudia@legalmail.it
Centro;12;Lazio;59;Latina;25;59025;59025;59025;59025;H836;San Felice Circeo;0;5;98;1;NM;32,63;8.709;http://www.comune.sanfelicecirceo.lt.it;Piazza Luigi Lanzuisi, 1;4017;0773/5221        ;info@comune.sanfelicecirceo.lt.it;info@pec.comune.sanfelicecirceo.lt.it
Centro;12;Lazio;59;Latina;26;59026;59026;59026;59026;I339;Santi Cosma e Damiano;0;4;181;0;NM;31,61;6.882;http://www.comune.santicosmaedamiano.lt.it ;Largo Savoia, 1;4020;0771/60781       ;segreteria@comune.santicosmaedamiano.lt.it;protocollo@pec.comune.santicosmaedamiano.latina.it
Centro;12;Lazio;59;Latina;27;59027;59027;59027;59027;I634;Sermoneta;0;3;257;0;P;45;9.129;http://www.comune.sermoneta.latina.it ;Via della Valle, 17;4013;0773/30151       ;ragioneria@comune.sermoneta.latina.it;amministrazionecomunale@pec.comune.sermoneta.latina.it
Centro;12;Lazio;59;Latina;28;59028;59028;59028;59028;I712;Sezze;0;3;319;0;P;100,47;24.114;http://www.comune.sezze.lt.it ;Via Diaz n.1;4018;0773/8081        ;sindaco@comune.sezze.lt.it;comune.sezze.lt@halleycert.it
Centro;12;Lazio;59;Latina;29;59029;59029;59029;59029;I832;Sonnino;0;3;430;0;T;63,82;7.279;http://www.comune.sonnino.latina.it ;Piazza Garibaldi 1;4010;0773/90781       ;sindaco@comune.sonnino.latina.it;info@pec.comune.sonnino.latina.it
Centro;12;Lazio;59;Latina;30;59030;59030;59030;59030;I892;Sperlonga;0;5;55;1;P;19,49;3.334;http://www.comune.sperlonga.lt.it ;Piazza Europa;4029;0771-557801;sindaco@comune.sperlonga.lt.it;segreteria@pec.comune.sperlonga.lt.it
Centro;12;Lazio;59;Latina;31;59031;59031;59031;59031;I902;Spigno Saturnia;0;4;46;0;T;38,74;2.903;http://www.comune.spignosaturnia.lt.it/ ;Piazza Dante, 6;4020;0771/64021       ;info@comune.spignosaturnia.lt.it;comune.spignosaturnia@pec.it
Centro;12;Lazio;59;Latina;32;59032;59032;59032;59032;L120;Terracina;0;5;22;1;P;136,59;44.233;http://www.comune.terracina.lt.it ;Piazza Municipio, 1;4019;0773/7071        ;sindaco@comune.terracina.lt.it;posta@pec.comune.terracina.lt.it
Centro;12;Lazio;59;Latina;33;59033;59033;59033;59033;L742;Ventotene;0;4;18;1;NM;1,75;691;http://www.comune.ventotene.lt.it;Piazza Castello, 1;4020;0771-85014;info@comune.ventotene.lt.it;segreteria.ventotene@postecert.it
Centro;12;Lazio;60;Frosinone;1;60001;60001;60001;60001;A032;Acquafondata;0;1;926;0;T;25,32;282;http://www.comune.acquafondata.fr.it/;Piazza Caduti n.5;3040;0776-584432;sindaco@comune.acquafondata.fr.it;comuneacquafondata@cert-posta.it
Centro;12;Lazio;60;Frosinone;2;60002;60002;60002;60002;A054;Acuto;0;1;724;0;T;13,47;1.910;http://www.comune.acuto.fr.it;Via G.Germini, 1;3010;0775-56001;vicesindaco@comune.acuto.fr.it;info@pec.comune.acuto.fr.it
Centro;12;Lazio;60;Frosinone;3;60003;60003;60003;60003;A123;Alatri;0;1;502;0;T;96,96;28.609;http://www.comune.alatri.fr.it ;P.zza S.Maria Maggiore, 1 ;3011;0775-4481;segreteria.sindaco@comune.alatri.fr.it;demografici@cert.comune.alatri.fr.it
Centro;12;Lazio;60;Frosinone;4;60004;60004;60004;60004;A244;Alvito;0;1;475;0;T;51,72;2.852;http://www.comune.alvito.fr.it ;Piazza Marconi n°1;3041;0776 510101;ragioneria@comune.alvito.fr.it;comunealvito@arcmediapec.it
Centro;12;Lazio;60;Frosinone;5;60005;60005;60005;60005;A256;Amaseno;0;3;112;0;T;77,73;4.314;http://www.comune.amaseno.net ;Viale Umberto I;3021;0775 65021;sindaco@amaseno.net;comune.amaseno@pec-cert.it
Centro;12;Lazio;60;Frosinone;6;60006;60006;60006;60006;A269;Anagni;0;3;424;0;P;112,82;21.441;http://www.comune.anagni.fr.it ;Via Vittorio Emanuele, 187;3012;0775-7301;sindaco@comune.anagni.fr.it;comune.anagni@postecert.it
Centro;12;Lazio;60;Frosinone;7;60007;60007;60007;60007;A348;Aquino;0;3;109;0;NM;19,24;5.309;http://www.comune.aquino.fr.it ;P.zza Municipio;3031;0776-728003;info@comune.aquino.fr.it;protocollo.aquino@pec.it
Centro;12;Lazio;60;Frosinone;8;60008;60008;60008;60008;A363;Arce;0;3;247;0;P;39,52;5.783;http://www.comune.arce.fr.it ;via Milite Ignoto snc;3032;0776-524103;roberto.simonelli@comune.arce.fr.it;protocollo.comune.arce@pec.it
Centro;12;Lazio;60;Frosinone;9;60009;60009;60009;60009;A421;Arnara;0;3;250;0;NM;12,29;2.379;http://www.comune.arnara.fr.it;Via dei Fossi 10;3020;0775 231079;;comunediarnara@postecert.it
Centro;12;Lazio;60;Frosinone;10;60010;60010;60010;60010;A433;Arpino;0;3;447;0;P;56,24;7.386;http://www.comune.arpino.fr.it ;Via Aquila Romana, 2;3033;0776 85211;info@comune.arpino.fr.it;pec@comunearpinopec.it
Centro;12;Lazio;60;Frosinone;11;60011;60011;60011;60011;A486;Atina;0;1;481;0;T;29,89;4.461;http://www.comune.atina.fr.it ;Piazza Saturno 1;3042;0776-6009202;segretario@comune.atina.fr.it;comuneatina@viapec.net
Centro;12;Lazio;60;Frosinone;12;60012;60012;60012;60012;A502;Ausonia;0;3;178;0;P;19,64;2.650;http://www.comunediausonia.it ;Piazza Municipio, 1;3040;0776 952021;;comunediausonia@postecert.it
Centro;12;Lazio;60;Frosinone;13;60013;60013;60013;60013;A763;Belmonte Castello;0;1;369;0;T;14,05;778;http://www.comune.belmontecastello.fr.it/ ;Via Umberto I, 1A,;3040;0776 693075;;comunedibelmontecastello@postecert.it
Centro;12;Lazio;60;Frosinone;14;60014;60014;60014;60014;A720;Boville Ernica;0;3;450;0;P;28,19;8.811;http://www.comune.boville-ernica.fr.it ;Corso Umberto, 2,;3022;0775 379353;sindaco@comune.boville-ernica.fr.it;boville.ernica.fr@pec.it
Centro;12;Lazio;60;Frosinone;15;60015;60015;60015;60015;B195;Broccostella;0;3;307;0;NM;11,79;2.807;http://www.comune.broccostella.fr.it ;Piazza Municipio, 1;3030;0776 89281;sindaco@comune.broccostella.fr.it;comunebroccostella@interfreepec.it
Centro;12;Lazio;60;Frosinone;16;60016;60016;60016;60016;B543;Campoli Appennino;0;1;650;0;T;32,43;1.749;http://www.comune.campoliappennino.fr.it/ ;Piazza Umberto I°;3030;0776/17.900.70;info@comune.campoliappennino.fr.it;comune.campoliapp@pec.it
Centro;12;Lazio;60;Frosinone;17;60017;60017;60017;60017;B862;Casalattico;0;1;420;0;T;28,38;641;http://www.casalattico.gov.it/ ;Largo San Rocco n. 1 ;3030;0776 690012;;sindacocasalattico@arubapec.it
Centro;12;Lazio;60;Frosinone;18;60018;60018;60018;60018;B919;Casalvieri;0;3;380;0;P;27,27;2.867;http://www.comune.casalvieri.fr.it/index.htm ;Via Guglielmo Marconi;3034;0776 639327;info@comune.casalvieri.fr.it;sindaco.comune.casalvieri@postecert.it
Centro;12;Lazio;60;Frosinone;19;60019;60019;60019;60019;C034;Cassino;0;3;40;0;P;83,42;33.658;http://www.comune.cassino.fr.it ;Piazza De Gasperi, 1;3043;0776-2981;sindaco.petrarcone@comune.cassino.it;servizio.protocollo@comunecassino.telecompost.it
Centro;12;Lazio;60;Frosinone;20;60020;60020;60020;60020;C177;Castelliri;0;3;261;0;P;15,32;3.533;http://www.comune.castelliri.fr.it ;Via Torino 19;3030;0776 807456;comunedicastelliri@comunedicastelliri.191.it;comunedicastelliri@postecert.it
Centro;12;Lazio;60;Frosinone;21;60021;60021;60021;60021;C223;Castelnuovo Parano;0;3;310;0;P;9,88;902;http://www.comune.castelnuovoparano.fr.it/ ;Via dei Fiori;3040;0776-952092;vicesindaco@comune.castelnuovoparano.fr.it;comunecastelnuovoparano@postecert.it
Centro;12;Lazio;60;Frosinone;22;60022;60022;60022;60022;C340;Castrocielo;0;3;250;0;P;27,92;3.969;http://www.comune.castrocielo.fr.it/ ;Via Vittorio Veneto, 5;3030;0776-79001;info@comune.castrocielo.fr.it;comune.castrocielo@legalmail.it
Centro;12;Lazio;60;Frosinone;23;60023;60023;60023;60023;C338;Castro dei Volsci;0;3;385;0;T;58,45;4.903;http://www.comune.castrodeivolsci.fr.it ;Via S.Rocco n°2;3020;0775 662008;ufficioamministrativo@comune.castrodeivolsci.fr.it;pec@pec.comune.castrodeivolsci.fr.it
Centro;12;Lazio;60;Frosinone;24;60024;60024;60024;60024;C413;Ceccano;0;3;200;0;P;61,06;23.098;http://www.comune.ceccano.fr.it;Piazza Municipio, 1;3023; 0775/6221;sindaco@comune.ceccano.fr.it;protocollo.generale@comunececcano.telecompost.it
Centro;12;Lazio;60;Frosinone;25;60025;60025;60025;60025;C479;Ceprano;0;3;105;0;NM;38,03;8.740;http://www.comune.ceprano.fr.it/;C.so della Repubblica ;3024;0775 91741;;comune.ceprano@pec.leonet.it
Centro;12;Lazio;60;Frosinone;26;60026;60026;60026;60026;C545;Cervaro;0;3;250;0;P;39,41;7.744;http://www.comune.cervaro.fr.it ;Piazza V. Emanuele II;3044;0776-367001;sindaco@comune.cervaro.fr.it;comune.cervaro.fr@cet-posta.it
Centro;12;Lazio;60;Frosinone;27;60027;60027;60027;60027;C836;Colfelice;0;3;158;0;P;14,52;1.853;http://www.comune.colfelice.fr.it ;Viale della Repubblica,s.n.c;3030;0776.52.76.13;sindaco@comune.colfelice.fr.it;comunecolfelice@arcmediapec.it
Centro;12;Lazio;60;Frosinone;28;60028;60028;60028;60028;C864;Collepardo;0;1;586;0;T;24,68;975;http://www.collepardo.it ;Piazza L. Liberatori, 1;3010;0775 47021;segreteria@collepardo.it;comunedicollepardo@pec.it
Centro;12;Lazio;60;Frosinone;29;60029;60029;60029;60029;C870;Colle San Magno;0;1;540;0;T;44,99;744;http://www.comune.collesanmagno.fr.it/ ;via LAGO, 2;3030;0776 560218;sindaco@comune.collesanmagno.fr.it;comunecollesanmagno@postecert.it
Centro;12;Lazio;60;Frosinone;30;60030;60030;60030;60030;C998;Coreno Ausonio;0;3;318;0;T;26,38;1.671;http://www.comune.corenoausonio.fr.it/ ;Piazza Umberto I, 1;3040;0776 996024;sindaco@comune.corenoausonio.fr.it;comune.corenoausonio.fr@messaggipec.it
Centro;12;Lazio;60;Frosinone;31;60031;60031;60031;60031;D440;Esperia;0;3;370;0;T;108,57;3.903;http://www.comune.esperia.fr.it/ ;Viale Vittorio Veneto, 5;3045;0776 937612;sindaco@comune.esperia.fr.it;comune.esperia@anutel.it
Centro;12;Lazio;60;Frosinone;32;60032;60032;60032;60032;D483;Falvaterra;0;3;282;0;P;12,73;567;http://www.comunedifalvaterra.com ;Piazza Sigismondo Amati 1;3020;0775 90015;;demograficifalvaterra@postecert.it
Centro;12;Lazio;60;Frosinone;33;60033;60033;60033;60033;D539;Ferentino;0;3;395;0;P;81;20.966;http://www.comune.ferentino.fr.it ;Piazza Matteotti, 17;3013;0775 2481;ufficiosegreteria@comune.ferentino.fr.it;segreteriageneraleferentino@postecert.it
Centro;12;Lazio;60;Frosinone;34;60034;60034;60034;60034;D591;Filettino;0;1;1.063;0;T;78,08;551;http://www.comunefilettino.it/ ;L.go M. Filetico 21;3010;775 581.832;info@comunefilettino.it                                                                             ;comunefilettino@pec.it
Centro;12;Lazio;60;Frosinone;35;60035;60035;60035;60035;A310;Fiuggi;0;1;747;0;T;32,98;9.645;http://www.comune.fiuggi.fr.it/ ;Piazza Trento e Trieste;3014;0775-546111;urp@comunedifiuggi.it                                                                               ;info@pec.comune.fiuggi.fr.it
Centro;12;Lazio;60;Frosinone;36;60036;60036;60036;60036;D667;Fontana Liri;0;3;150;0;T;16,11;2.993;http://www.comunefontanaliri.fr.it/ ;Viale XXIX Maggio, snc;3035;0776 525707;;fontanaliri@pec.comunefontanaliri.fr.it
Centro;12;Lazio;60;Frosinone;37;60037;60037;60037;60037;D682;Fontechiari;0;3;375;0;P;16,15;1.318;http://www.comune.fontechiari.fr.it ;Largo Emilio Rocchi;3030;0776 889015;amministrazione@comune.fontechiari.fr.it;fontechiari@interfreepec.it
Centro;12;Lazio;60;Frosinone;38;60038;60038;60038;60038;D810;Frosinone;1;3;291;0;NM;46,85;46.649;http://www.comune.frosinone.it ;Piazza VI Dicembre;3100;0775 2651;sindaco.ottaviani@comune.frosinone.it;pec@pec.comune.frosinone.it
Centro;12;Lazio;60;Frosinone;39;60039;60039;60039;60039;D819;Fumone;0;1;783;0;T;14,84;2.180;http://www.comunedifumone.it/ ;Via Risorgimento n. 2 ;3010;0775/49496;tributi@comunedifumone.it;comunedifumone@pec.it
Centro;12;Lazio;60;Frosinone;40;60040;60040;60040;60040;D881;Gallinaro;0;1;558;0;T;17,74;1.246;http://www.comune.gallinaro.fr.it ;Via Maggiore Galliano;3040;0776-696012;;comune.gallinaro@legalmail.it
Centro;12;Lazio;60;Frosinone;41;60041;60041;60041;60041;E057;Giuliano di Roma;0;3;363;0;T;33,54;2.343;http://www.comune.giulianodiroma.fr.it ;Via Borgo Vittorio Emanuele;3020;0775 699016;areaamministrativa@comune.giulianodiroma.fr.it;comunegiulianodiroma.fr.protocollo@pa.postacertificata.gov.it
Centro;12;Lazio;60;Frosinone;42;60042;60042;60042;60042;E236;Guarcino;0;1;625;0;T;40,37;1.658;http://www.comune.guarcino.fr.it ;via Alfono Milani 1;316;0775 46007;;comuneguarcino@pec.it
Centro;12;Lazio;60;Frosinone;43;60043;60043;60043;60043;E340;Isola del Liri;0;3;217;0;NM;16,01;11.963;http://www.comune.isoladelliri.fr.it; via San Giuseppe n. 1;3036;0776 80081;sindaco@comune.isoladelliri.fr.it                                                                   ;protocolloisoladelliri@interfreepec.it
Centro;12;Lazio;60;Frosinone;44;60044;60044;60044;60044;F620;Monte San Giovanni Campano;0;3;438;0;P;48,71;12.882;http://www.comune.montesangiovannicampano.fr.it ;Piazza G. Marconi, 1;3025;0775 289901;sindaco@comune.montesangiovannicampano.fr.it;comunemontesangiovannicampano.fr.demografico@pa.postacertificata.gov.it
Centro;12;Lazio;60;Frosinone;45;60045;60045;60045;60045;F740;Morolo;0;1;397;0;T;26,57;3.267;http://www.comune.morolo.fr.it ;P.zza E. Biondi, 1;3017;0775 0806002;sindaco@comune.morolo.fr.it;comunedimorolo@pec.it
Centro;12;Lazio;60;Frosinone;46;60046;60046;60046;60046;G276;Paliano;0;3;471;0;NM;70,64;8.146;http://www.comune.paliano.fr.it ;P.zza XVII Martiri, 1;3018;0775-57081;sindaco@comune.paliano.fr.it;protocollo.paliano@actalispec.it
Centro;12;Lazio;60;Frosinone;47;60047;60047;60047;60047;G362;Pastena;0;3;318;0;T;42,16;1.528;http://www.comune.pastena.fr.it ;via Porta Napoli;3020;0776-546531;info@comune.pastena.fr.it;comunedipastena@postecert.it
Centro;12;Lazio;60;Frosinone;48;60048;60048;60048;60048;G374;Patrica;0;1;450;0;T;27,31;3.084;http://www.comune.patrica.fr.it ;Via del Plebiscito n. 1;3010;0775/807821; segreteria@comune.patrica.fr.it;affarigenerali@pec.comune.patrica.fr.it
Centro;12;Lazio;60;Frosinone;49;60049;60049;60049;60049;G500;Pescosolido;0;1;630;0;T;44,9;1.552;http://www.comune.pescosolido.fr.it ;Via Umberto I;3030;0776 886020;comune@comune.pescosolido.fr.it;comunepescosolido@arcmediapec.it
Centro;12;Lazio;60;Frosinone;50;60050;60050;60050;60050;G591;Picinisco;0;1;725;0;T;62,15;1.255;http://www.comune.picinisco.fr.it ;Via Giustino Ferri, 8;3040;0776 66014;info@comune.picinisco.fr.it;info@comuneoiciniscopec.it
Centro;12;Lazio;60;Frosinone;51;60051;60051;60051;60051;G592;Pico;0;3;190;0;T;32,93;3.004;http://www.comunedipico.it/ ;via Marconi snc;3020;0776-544012;;protocollo@pec.comunedipico.it
Centro;12;Lazio;60;Frosinone;52;60052;60052;60052;60052;G598;Piedimonte San Germano;0;3;115;0;P;17,32;6.036;http://www.comune.piedimontesangermano.fr.it ;Piazza Municipio, 1;3030;0776-402901;segretario@comune.piedimontesangermano.fr.it;protocollopiedimontesg@pec.it
Centro;12;Lazio;60;Frosinone;53;60053;60053;60053;60053;G659;Piglio;0;1;620;0;T;35,38;4.657;http://www.comune.piglio.fr.it ;Viale Umberto I;3010;0775-502328;sindacocittadini@comune.piglio.fr.it;info@pec.comune.piglio.fr.it
Centro;12;Lazio;60;Frosinone;54;60054;60054;60054;60054;G662;Pignataro Interamna;0;3;69;0;NM;24,41;2.558;http://www.comune.pignatarointeramna.fr.it/ ;Via Roma, 6;3040;0776 949012 ;;comune.pignataro int.servizigenerali@certipec.it
Centro;12;Lazio;60;Frosinone;55;60055;60055;60055;60055;G749;Pofi;0;3;283;0;NM;30,68;4.303;http://www.comune.pofi.fr.it ;Piazza Municipio, 1;3026;0775/380013;segreteria@comune.pofi.fr.it;comunepofi@pec.it
Centro;12;Lazio;60;Frosinone;56;60056;60056;60056;60056;G838;Pontecorvo;0;3;97;0;P;88,8;13.223;http://www.comune.pontecorvo.gov.it/ ;Piazza IV Novembre n. 1;3037;0776 76211;sindaco@comune.pontecorvo.fr.it                                                                     ;comune.pontecorvo@gigapec.it
Centro;12;Lazio;60;Frosinone;57;60057;60057;60057;60057;G935;Posta Fibreno;0;3;430;0;P;9,8;1.217;http://www.comune.postafibreno.fr.it ;Piazza Cesare Battisti 4;3030;0776 887282 ;info@comune.postafibreno.fr.it;comune@postafibrenopec.it
Centro;12;Lazio;60;Frosinone;58;60058;60058;60058;60058;H324;Ripi;0;3;300;0;NM;31,61;5.346;http://www.comune.ripi.fr.it ;Piazza L. Manara 12 ;3027;0775 284010;comune.ripi@comune.ripi.fr.it;servizidemografici.ripi@pec.it
Centro;12;Lazio;60;Frosinone;59;60059;60059;60059;60059;H393;Rocca d'Arce;0;3;507;0;T;11,58;971;http://halleyweb.com/c060059;Via IV Novenbre, 1;3030;0776 536263 ;;comuneroccadarce.serviziofinanziario@pec.it
Centro;12;Lazio;60;Frosinone;60;60060;60060;60060;60060;H443;Roccasecca;0;3;205;0;P;43,33;7.536;http://www.comune.roccasecca.fr.it/ ;Via Roma, 1;3038;0776-569001;sindaco@comune.roccasecca.fr.it;comune.roccasecca@legalmail.it
Centro;12;Lazio;60;Frosinone;61;60061;60061;60061;60061;H779;San Biagio Saracinisco;0;1;836;0;T;31,21;361;http://www.comune.sanbiagiosaracinisco.fr.it/;Via D.D. Iaconelli  N. 18;3040;0776 67018;;comune.sanbiagiosaracinisco@legalmail.it
Centro;12;Lazio;60;Frosinone;62;60062;60062;60062;60062;H824;San Donato Val di Comino;0;1;721;0;T;37,64;2.122;http://www.comune.sandonatovaldicomino.fr.it ;piazza della Libertà 1;3046;0776/508701 ;sindaco@comune.sandonatovaldicomino.fr.it;statocivile.sandonatovaldicomino@legalmail.it
Centro;12;Lazio;60;Frosinone;63;60063;60063;60063;60063;H880;San Giorgio a Liri;0;3;38;0;NM;15,71;3.166;http://www.comunedisangiorgioaliri.it ;Piazzale degli Eroi, n. 13;3047;0776 91481;protocollo@comunedisangiorgioaliri.it;posta@pec.comunedisangiorgioaliri.it
Centro;12;Lazio;60;Frosinone;64;60064;60064;60064;60064;H917;San Giovanni Incarico;0;3;200;0;NM;24,71;3.410;http://www.comunesangiovanniincarico.fr.it ;Piazza Umberto I;3028;0776 549801;sindaco@comunesangiovanniincarico.fr.it;segreteriacomunesgi@pec.it
Centro;12;Lazio;60;Frosinone;65;60065;60065;60065;60065;I256;Sant'Ambrogio sul Garigliano;0;3;137;0;NM;9,03;994;http://www.comune.santambrogiosulgarigliano.fr.it/ ;Via Roma, 38;3040;0776-98073;info@comunesantambrogiosulgarigliano.fr.it;servizidemografici@pec.comune.santambrogiosulgarigliano.fr.it
Centro;12;Lazio;60;Frosinone;66;60066;60066;60066;60066;I265;Sant'Andrea del Garigliano;0;3;176;0;T;17,11;1.566;http://www.comune.santandreadelgarigliano.fr.it/ ;Piazza dei Caduti, 1;3040;0776-956021;sindaco@comune.santandreadelgarigliano.fr.it;comunesantandrea@postecert.it
Centro;12;Lazio;60;Frosinone;67;60067;60067;60067;60067;I302;Sant'Apollinare;0;3;57;0;NM;18,02;1.931;http://www.comune.santapollinare.fr.it/ ;Piazza del Comune;3048;0776-915036;servizidemografici@comune.santapollinare.fr.it;protocollo.santapollinare@pec.it
Centro;12;Lazio;60;Frosinone;68;60068;60068;60068;60068;I321;Sant'Elia Fiumerapido;0;3;120;0;P;41,1;6.227;http://www.comune.santeliafiumerapido.fr.it ;Piazza Enrico Risi, 01;3049;0776-35.18.01;sindaco@comune.santeliafiumerapido.fr.it;protocollo@pec.comune.santeliafiumerapido.fr.it
Centro;12;Lazio;60;Frosinone;69;60069;60069;60069;60069;I351;Santopadre;0;3;730;0;T;21,6;1.410;http://www.comune.santopadre.fr.it/ ;P.za Guglielmo Marconi n°13 ;3030;0776 531814;; comunedisantopadre.fr@pec.it
Centro;12;Lazio;60;Frosinone;70;60070;60070;60070;60070;I408;San Vittore del Lazio;0;3;210;0;T;27,51;2.679;http://www.comune.sanvittoredellazio.fr.it/ ;Via Santa Croce, snc;3040;0776-335037;info@comune.sanvittoredellazio.fr.it;suap.sanvittorelazio@pec.it
Centro;12;Lazio;60;Frosinone;71;60071;60071;60071;60071;I669;Serrone;0;1;738;0;P;15,39;3.069;http://www.comune.serrone.fr.it;Via A. De Gasperi;3010;0775-523064;sindaco@comune.serrone.fr.it;info@pec.comune.serrone.fr.it
Centro;12;Lazio;60;Frosinone;72;60072;60072;60072;60072;I697;Settefrati;0;1;784;0;T;50,68;792;http://www.comune.settefrati.fr.it ;via Marconi 38;3040;0776-695001;;comune.settefrati@legalmail.it
Centro;12;Lazio;60;Frosinone;73;60073;60073;60073;60073;I716;Sgurgola;0;1;386;0;P;19,22;2.623;http://nuke.comune.sgurgola.fr.it;Via Roma 6;3010;0775/74581;sindaco@comune.sgurgola.fr.it;protocollo@pec.comune.sgurgola.fr.it
Centro;12;Lazio;60;Frosinone;74;60074;60074;60074;60074;I838;Sora;0;1;300;0;T;72,13;26.247;http://www.comune.sora.fr.it ;Corso Volsci, 111;3039;0776 8281;segretario@comune.sora.fr.it;comunesora@pec.it
Centro;12;Lazio;60;Frosinone;75;60075;60075;60075;60075;I973;Strangolagalli;0;3;232;0;NM;10,57;2.501;http://www.comune.strangolagalli.fr.it/ ;Via del Municipio 1;3020;0775 978(204);sindaco@comune.strangolagalli.fr.it;comunestrangolagalli.fr.protocollo@pa.postacertificata.gov.it
Centro;12;Lazio;60;Frosinone;76;60076;60076;60076;60076;L009;Supino;0;1;321;0;T;35,59;4.893;http://www.comunesupino.it/ ;Via Guglielmo Marconi;3019;0775 226001;sindaco@comunesupino.it;comune.supino@legalmail.it
Centro;12;Lazio;60;Frosinone;77;60077;60077;60077;60077;L105;Terelle;0;1;905;0;T;31,65;460;http://www.comuneterelle.it;P.zza V. Crolla 2;3040;0776-336013;;comune@pec.comuneterelle.it
Centro;12;Lazio;60;Frosinone;78;60078;60078;60078;60078;L243;Torre Cajetani;0;1;819;0;T;11,99;1.388;http://www.comune.torrecajetani.fr.it/ ;Via Circonvallazione Cerano, 3;3010;0775-596017;sindaco@comune.torrecajetani.fr.it;protocollo.torrecajetani@pec.it
Centro;12;Lazio;60;Frosinone;79;60079;60079;60079;60079;L290;Torrice;0;3;321;0;NM;18,06;4.608;http://www.comune.torrice.fr.it ;via Aspromonte  5;3020;0775 300014;comune@torrice.net                                                                                  ;protocollotorrice@interfreepec.it
Centro;12;Lazio;60;Frosinone;80;60080;60080;60080;60080;L398;Trevi nel Lazio;0;1;821;0;T;54,32;1.853;http://www.comune.trevinellazio.fr.it ;via Armando Diaz, n° 1;3010;0775 527001;info@comune.trevinellazio.fr.it;comune.trevinellazio.fr@pec.it
Centro;12;Lazio;60;Frosinone;81;60081;60081;60081;60081;L437;Trivigliano;0;1;780;0;T;12,64;1.693;http://www.comune.trivigliano.fr.it/sito/home.html;Via Roma, 9;3010;0775 520213;;comune.trivigliano@legalmail.it
Centro;12;Lazio;60;Frosinone;82;60082;60082;60082;60082;L598;Vallecorsa;0;3;350;0;T;39,28;2.800;http://www.comune.vallecorsa.fr.it ;P.zza Vittime Civili di Guerra ;3020;0775 679017;;comunedivallecorsa.fr.protocollo@pa.postacertificata.gov.it
Centro;12;Lazio;60;Frosinone;83;60083;60083;60083;60083;L605;Vallemaio;0;3;337;0;T;18,54;1.002;http://www.comune.vallemaio.fr.it/ ;Via Martiri Civili, 13;3040;0776-957123;affarigenerali@comune.vallemaio.fr.it;comunevallemaio.fr.demografici@pa.postacertificata.gov.it
Centro;12;Lazio;60;Frosinone;84;60084;60084;60084;60084;L614;Vallerotonda;0;1;620;0;T;59,66;1.671;http://www.vallerotonda.net/ ;Piazza IV novembre ;3040;0776-587001;;comune.vallerotonda.fr@pec.it
Centro;12;Lazio;60;Frosinone;85;60085;60085;60085;60085;L780;Veroli;0;1;594;0;T;119,65;20.763;http://www.comune.veroli.fr.it ;Piazza Mazzoli, 2 ;3029;0775-88521;sindaco@comune.veroli.fr.it;comunediveroli.fr.segreteriagen@pa.postacertificata.gov.it
Centro;12;Lazio;60;Frosinone;86;60086;60086;60086;60086;L836;Vicalvi;0;3;590;0;P;8,21;806;http://www.comune.vicalvi.fr.it/ ;Piazza Giovanni Paolo II;3030;0776 506476;sindaco@comune.vicalvi.fr.it;uff.amministrativo@pec.comune.vicalvi.fr.it
Centro;12;Lazio;60;Frosinone;87;60087;60087;60087;60087;L843;Vico nel Lazio;0;1;721;0;T;45,85;2.256;http://www.comune.viconellazio.fr.it/ ;via Vittorio Emanuele 1;3010;0775 41151;urp@comune.viconellazio.fr.it;comuneviconellazio@arcmediapec.it
Centro;12;Lazio;60;Frosinone;88;60088;60088;60088;60088;A081;Villa Latina;0;1;415;0;T;17,02;1.286;;Piazza Umberto I;3040;0776-688015;                                                                                                    ;comunevillalatinaanagrafe@pec.it
Centro;12;Lazio;60;Frosinone;89;60089;60089;60089;60089;L905;Villa Santa Lucia;0;3;393;0;P;17,77;2.639;http://www.comune.villasantalucia.fr.it ;Viale Dante;3030;0776-463366;sindaco@comune.villasantalucia.fr.it;protocollo@pec.comune.villasantalucia.fr.it
Centro;12;Lazio;60;Frosinone;90;60090;60090;60090;60090;I364;Villa Santo Stefano;0;3;205;0;T;20,1;1.707;http://www.comune.villasantostefano.fr.it ;Piazza Cardinale Domenico Iorio;3020;0775-632125;sindaco@comune.villasantostefano.fr.it                                                              ;info@pec.comune.villasantostefano.fr.it
Centro;12;Lazio;60;Frosinone;91;60091;60091;60091;60091;M083;Viticuso;0;1;825;0;T;20,86;372;http://www.comune.viticuso.fr.it/;via Strada Nuova 7;3040;0776-577567;info@comune.viticuso.fr.it;comuneviticuso@cert-posta.it
